2.11E-100,2.93E-99,3.94E-98,5.60E-97,1.27E-95,7.17E-94,5.83E-92,4.71E-90,3.51E-88,2.39E-86,1.49E-84,8.52E-83,4.45E-81,2.12E-79,9.24E-78,3.68E-76,1.34E-74,4.47E-73,1.36E-71,3.79E-70,9.64E-69,2.24E-67,4.77E-66,9.27E-65,1.65E-63,2.68E-62,3.98E-61,5.41E-60,6.71E-59,7.62E-58,7.91E-57,7.50E-56,6.51E-55,5.16E-54,3.74E-53,2.48E-52,1.50E-51,8.32E-51,4.21E-50,1.95E-49,8.25E-49,3.19E-48,1.13E-47,3.65E-47,1.08E-46,2.92E-46,7.20E-46,1.63E-45,3.36E-45,6.34E-45,1.09E-44,1.73E-44,2.49E-44,3.28E-44,3.96E-44,4.36E-44,4.40E-44,4.05E-44,3.41E-44,2.62E-44,1.85E-44,1.19E-44,6.99E-45,3.76E-45,1.85E-45,8.30E-46,3.41E-46,1.28E-46,4.40E-47,1.38E-47,3.96E-48,1.04E-48,2.49E-49,5.47E-50,1.10E-50,2.01E-51,3.37E-52,5.15E-53,7.22E-54,9.24E-55,1.08E-55,1.16E-56,1.13E-57,1.01E-58,8.39E-60,6.89E-61,8.21E-62,2.42E-62,1.14E-62,5.65E-63,2.73E-63,1.27E-63,5.68E-64,2.45E-64,1.02E-64,4.08E-65,1.57E-65,5.84E-66,2.09E-66,7.19E-67
9.01E-99,1.25E-97,1.68E-96,2.36E-95,5.12E-94,2.75E-92,2.21E-90,1.78E-88,1.33E-86,9.07E-85,5.66E-83,3.23E-81,1.68E-79,8.03E-78,3.50E-76,1.39E-74,5.08E-73,1.69E-71,5.15E-70,1.43E-68,3.65E-67,8.49E-66,1.81E-64,3.51E-63,6.24E-62,1.01E-60,1.51E-59,2.05E-58,2.54E-57,2.89E-56,2.99E-55,2.84E-54,2.46E-53,1.95E-52,1.42E-51,9.39E-51,5.69E-50,3.15E-49,1.59E-48,7.38E-48,3.12E-47,1.21E-46,4.27E-46,1.38E-45,4.09E-45,1.10E-44,2.73E-44,6.16E-44,1.27E-43,2.40E-43,4.14E-43,6.54E-43,9.43E-43,1.24E-42,1.50E-42,1.65E-42,1.66E-42,1.53E-42,1.29E-42,9.94E-43,6.99E-43,4.50E-43,2.65E-43,1.42E-43,7.00E-44,3.14E-44,1.29E-44,4.85E-45,1.67E-45,5.23E-46,1.50E-46,3.94E-47,9.44E-48,2.07E-48,4.15E-49,7.61E-50,1.27E-50,1.95E-51,2.73E-52,3.50E-53,4.09E-54,4.38E-55,4.29E-56,3.84E-57,3.18E-58,2.64E-59,3.30E-60,1.02E-60,4.85E-61,2.41E-61,1.16E-61,5.41E-62,2.42E-62,1.05E-62,4.35E-63,1.74E-63,6.71E-64,2.49E-64,8.90E-65,3.07E-65
3.65E-97,5.05E-96,6.78E-95,9.43E-94,1.95E-92,9.91E-91,7.87E-89,6.33E-87,4.71E-85,3.22E-83,2.01E-81,1.15E-79,5.97E-78,2.85E-76,1.24E-74,4.95E-73,1.80E-71,6.00E-70,1.83E-68,5.09E-67,1.29E-65,3.01E-64,6.41E-63,1.25E-61,2.21E-60,3.60E-59,5.35E-58,7.26E-57,9.02E-56,1.02E-54,1.06E-53,1.01E-52,8.74E-52,6.93E-51,5.02E-50,3.33E-49,2.02E-48,1.12E-47,5.66E-47,2.62E-46,1.11E-45,4.29E-45,1.52E-44,4.90E-44,1.45E-43,3.92E-43,9.68E-43,2.19E-42,4.51E-42,8.52E-42,1.47E-41,2.32E-41,3.35E-41,4.41E-41,5.32E-41,5.86E-41,5.91E-41,5.44E-41,4.58E-41,3.53E-41,2.48E-41,1.60E-41,9.39E-42,5.05E-42,2.48E-42,1.12E-42,4.58E-43,1.72E-43,5.91E-44,1.85E-44,5.32E-45,1.40E-45,3.35E-46,7.35E-47,1.47E-47,2.70E-48,4.52E-49,6.92E-50,9.70E-51,1.24E-51,1.45E-52,1.55E-53,1.52E-54,1.36E-55,1.13E-56,9.53E-58,1.26E-58,4.08E-59,1.96E-59,9.74E-60,4.70E-60,2.19E-60,9.81E-61,4.23E-61,1.76E-61,7.05E-62,2.72E-62,1.01E-62,3.61E-63,1.24E-63
1.40E-95,1.94E-94,2.61E-93,3.58E-92,7.03E-91,3.36E-89,2.62E-87,2.10E-85,1.57E-83,1.07E-81,6.67E-80,3.81E-78,1.98E-76,9.46E-75,4.13E-73,1.64E-71,5.99E-70,1.99E-68,6.07E-67,1.69E-65,4.30E-64,1.00E-62,2.13E-61,4.14E-60,7.36E-59,1.20E-57,1.78E-56,2.41E-55,3.00E-54,3.40E-53,3.53E-52,3.35E-51,2.90E-50,2.30E-49,1.67E-48,1.11E-47,6.70E-47,3.71E-46,1.88E-45,8.70E-45,3.68E-44,1.42E-43,5.04E-43,1.63E-42,4.82E-42,1.30E-41,3.22E-41,7.26E-41,1.50E-40,2.83E-40,4.89E-40,7.71E-40,1.11E-39,1.47E-39,1.77E-39,1.95E-39,1.96E-39,1.81E-39,1.52E-39,1.17E-39,8.25E-40,5.30E-40,3.12E-40,1.68E-40,8.25E-41,3.71E-41,1.52E-41,5.72E-42,1.96E-42,6.16E-43,1.77E-43,4.64E-44,1.11E-44,2.44E-45,4.89E-46,8.97E-47,1.50E-47,2.30E-48,3.22E-49,4.13E-50,4.83E-51,5.17E-52,5.05E-53,4.53E-54,3.77E-55,3.23E-56,4.53E-57,1.55E-57,7.53E-58,3.75E-58,1.81E-58,8.42E-59,3.77E-59,1.63E-59,6.77E-60,2.71E-60,1.05E-60,3.88E-61,1.39E-61,4.78E-62
5.13E-94,7.10E-93,9.51E-92,1.30E-90,2.41E-89,1.07E-87,8.20E-86,6.55E-84,4.88E-82,3.33E-80,2.08E-78,1.18E-76,6.18E-75,2.95E-73,1.28E-71,5.12E-70,1.86E-68,6.21E-67,1.89E-65,5.26E-64,1.34E-62,3.12E-61,6.63E-60,1.29E-58,2.29E-57,3.72E-56,5.53E-55,7.51E-54,9.33E-53,1.06E-51,1.10E-50,1.04E-49,9.04E-49,7.17E-48,5.20E-47,3.44E-46,2.09E-45,1.16E-44,5.85E-44,2.71E-43,1.15E-42,4.44E-42,1.57E-41,5.07E-41,1.50E-40,4.05E-40,1.00E-39,2.26E-39,4.67E-39,8.82E-39,1.52E-38,2.40E-38,3.46E-38,4.56E-38,5.50E-38,6.06E-38,6.11E-38,5.63E-38,4.74E-38,3.65E-38,2.57E-38,1.65E-38,9.71E-39,5.22E-39,2.57E-39,1.15E-39,4.74E-40,1.78E-40,6.11E-41,1.92E-41,5.51E-42,1.45E-42,3.47E-43,7.60E-44,1.52E-44,2.79E-45,4.68E-46,7.16E-47,1.00E-47,1.28E-48,1.50E-49,1.61E-50,1.57E-51,1.41E-52,1.18E-53,1.03E-54,1.55E-55,5.60E-56,2.75E-56,1.37E-56,6.61E-57,3.08E-57,1.38E-57,5.96E-58,2.48E-58,9.91E-59,3.82E-59,1.42E-59,5.07E-60,1.75E-60
1.78E-92,2.46E-91,3.30E-90,4.45E-89,7.85E-88,3.23E-86,2.40E-84,1.91E-82,1.42E-80,9.71E-79,6.06E-77,3.46E-75,1.80E-73,8.59E-72,3.75E-70,1.49E-68,5.44E-67,1.81E-65,5.52E-64,1.54E-62,3.91E-61,9.09E-60,1.93E-58,3.76E-57,6.68E-56,1.09E-54,1.61E-53,2.19E-52,2.72E-51,3.09E-50,3.21E-49,3.04E-48,2.64E-47,2.09E-46,1.52E-45,1.00E-44,6.09E-44,3.37E-43,1.71E-42,7.90E-42,3.34E-41,1.29E-40,4.58E-40,1.48E-39,4.37E-39,1.18E-38,2.92E-38,6.60E-38,1.36E-37,2.57E-37,4.44E-37,7.00E-37,1.01E-36,1.33E-36,1.60E-36,1.77E-36,1.78E-36,1.64E-36,1.38E-36,1.06E-36,7.49E-37,4.82E-37,2.83E-37,1.52E-37,7.49E-38,3.37E-38,1.38E-38,5.19E-39,1.78E-39,5.60E-40,1.61E-40,4.21E-41,1.01E-41,2.22E-42,4.44E-43,8.14E-44,1.36E-44,2.09E-45,2.93E-46,3.75E-47,4.38E-48,4.69E-49,4.59E-50,4.12E-51,3.46E-52,3.10E-53,5.07E-54,1.92E-54,9.53E-55,4.76E-55,2.30E-55,1.07E-55,4.79E-56,2.07E-56,8.60E-57,3.44E-57,1.33E-57,4.92E-58,1.76E-58,6.06E-59
5.88E-91,8.13E-90,1.09E-88,1.45E-87,2.44E-86,9.16E-85,6.60E-83,5.23E-81,3.89E-79,2.65E-77,1.65E-75,9.44E-74,4.92E-72,2.35E-70,1.02E-68,4.08E-67,1.49E-65,4.95E-64,1.51E-62,4.20E-61,1.07E-59,2.48E-58,5.28E-57,1.03E-55,1.83E-54,2.97E-53,4.41E-52,5.99E-51,7.44E-50,8.44E-49,8.76E-48,8.31E-47,7.21E-46,5.71E-45,4.14E-44,2.75E-43,1.66E-42,9.21E-42,4.66E-41,2.16E-40,9.14E-40,3.54E-39,1.25E-38,4.04E-38,1.20E-37,3.23E-37,7.98E-37,1.80E-36,3.72E-36,7.03E-36,1.21E-35,1.91E-35,2.76E-35,3.64E-35,4.39E-35,4.83E-35,4.87E-35,4.48E-35,3.78E-35,2.91E-35,2.05E-35,1.32E-35,7.74E-36,4.16E-36,2.05E-36,9.20E-37,3.78E-37,1.42E-37,4.87E-38,1.53E-38,4.39E-39,1.15E-39,2.76E-40,6.06E-41,1.21E-41,2.23E-42,3.73E-43,5.71E-44,8.00E-45,1.02E-45,1.20E-46,1.28E-47,1.25E-48,1.13E-49,9.50E-51,8.82E-52,1.58E-52,6.29E-53,3.14E-53,1.57E-53,7.58E-54,3.53E-54,1.58E-54,6.82E-55,2.84E-55,1.14E-55,4.38E-56,1.62E-56,5.81E-57,2.00E-57
1.84E-89,2.55E-88,3.40E-87,4.52E-86,7.23E-85,2.46E-83,1.70E-81,1.34E-79,9.95E-78,6.79E-76,4.24E-74,2.42E-72,1.26E-70,6.01E-69,2.62E-67,1.04E-65,3.80E-64,1.27E-62,3.86E-61,1.07E-59,2.73E-58,6.36E-57,1.35E-55,2.63E-54,4.67E-53,7.60E-52,1.13E-50,1.53E-49,1.90E-48,2.16E-47,2.24E-46,2.13E-45,1.84E-44,1.46E-43,1.06E-42,7.03E-42,4.26E-41,2.36E-40,1.19E-39,5.53E-39,2.34E-38,9.05E-38,3.20E-37,1.03E-36,3.06E-36,8.27E-36,2.04E-35,4.61E-35,9.53E-35,1.80E-34,3.10E-34,4.90E-34,7.06E-34,9.31E-34,1.12E-33,1.24E-33,1.25E-33,1.15E-33,9.67E-34,7.44E-34,5.24E-34,3.37E-34,1.98E-34,1.07E-34,5.24E-35,2.35E-35,9.67E-36,3.63E-36,1.25E-36,3.92E-37,1.12E-37,2.95E-38,7.07E-39,1.55E-39,3.11E-40,5.70E-41,9.54E-42,1.46E-42,2.05E-43,2.62E-44,3.07E-45,3.28E-46,3.21E-47,2.89E-48,2.45E-49,2.37E-50,4.67E-51,1.95E-51,9.83E-52,4.92E-52,2.37E-52,1.11E-52,4.95E-53,2.14E-53,8.89E-54,3.56E-54,1.37E-54,5.09E-55,1.82E-55,6.27E-56
5.49E-88,7.59E-87,1.01E-85,1.34E-84,2.04E-83,6.27E-82,4.13E-80,3.22E-78,2.39E-76,1.63E-74,1.02E-72,5.80E-71,3.02E-69,1.44E-67,6.28E-66,2.50E-64,9.12E-63,3.04E-61,9.25E-60,2.58E-58,6.55E-57,1.52E-55,3.24E-54,6.31E-53,1.12E-51,1.82E-50,2.71E-49,3.68E-48,4.56E-47,5.18E-46,5.38E-45,5.10E-44,4.42E-43,3.51E-42,2.54E-41,1.69E-40,1.02E-39,5.65E-39,2.86E-38,1.33E-37,5.61E-37,2.17E-36,7.68E-36,2.48E-35,7.34E-35,1.98E-34,4.90E-34,1.11E-33,2.28E-33,4.31E-33,7.44E-33,1.17E-32,1.69E-32,2.23E-32,2.69E-32,2.97E-32,2.99E-32,2.75E-32,2.32E-32,1.78E-32,1.26E-32,8.08E-33,4.75E-33,2.56E-33,1.26E-33,5.64E-34,2.32E-34,8.71E-35,2.99E-35,9.39E-36,2.69E-36,7.07E-37,1.70E-37,3.72E-38,7.45E-39,1.37E-39,2.29E-40,3.50E-41,4.91E-42,6.28E-43,7.35E-44,7.87E-45,7.70E-46,6.93E-47,5.94E-48,6.04E-49,1.32E-49,5.77E-50,2.93E-50,1.46E-50,7.07E-51,3.29E-51,1.48E-51,6.37E-52,2.65E-52,1.06E-52,4.08E-53,1.52E-53,5.42E-54,1.87E-54
1.55E-86,2.15E-85,2.86E-84,3.75E-83,5.52E-82,1.52E-80,9.40E-79,7.24E-77,5.36E-75,3.66E-73,2.28E-71,1.30E-69,6.79E-68,3.24E-66,1.41E-64,5.62E-63,2.05E-61,6.83E-60,2.08E-58,5.79E-57,1.47E-55,3.43E-54,7.28E-53,1.42E-51,2.52E-50,4.09E-49,6.08E-48,8.26E-47,1.03E-45,1.16E-44,1.21E-43,1.15E-42,9.94E-42,7.88E-41,5.71E-40,3.79E-39,2.29E-38,1.27E-37,6.43E-37,2.98E-36,1.26E-35,4.88E-35,1.72E-34,5.58E-34,1.65E-33,4.45E-33,1.10E-32,2.49E-32,5.13E-32,9.69E-32,1.67E-31,2.64E-31,3.80E-31,5.02E-31,6.05E-31,6.66E-31,6.71E-31,6.18E-31,5.21E-31,4.01E-31,2.82E-31,1.81E-31,1.07E-31,5.74E-32,2.82E-32,1.27E-32,5.21E-33,1.96E-33,6.72E-34,2.11E-34,6.05E-35,1.59E-35,3.81E-36,8.35E-37,1.67E-37,3.07E-38,5.14E-39,7.87E-40,1.10E-40,1.41E-41,1.65E-42,1.77E-43,1.73E-44,1.56E-45,1.35E-46,1.46E-47,3.57E-48,1.62E-48,8.27E-49,4.14E-49,2.00E-49,9.31E-50,4.17E-50,1.80E-50,7.49E-51,3.00E-51,1.16E-51,4.29E-52,1.53E-52,5.28E-53
4.17E-85,5.77E-84,7.69E-83,1.00E-81,1.43E-80,3.51E-79,2.01E-77,1.53E-75,1.13E-73,7.70E-72,4.80E-70,2.74E-68,1.43E-66,6.81E-65,2.97E-63,1.18E-61,4.31E-60,1.44E-58,4.37E-57,1.22E-55,3.10E-54,7.21E-53,1.53E-51,2.98E-50,5.30E-49,8.61E-48,1.28E-46,1.74E-45,2.16E-44,2.45E-43,2.54E-42,2.41E-41,2.09E-40,1.66E-39,1.20E-38,7.97E-38,4.83E-37,2.67E-36,1.35E-35,6.27E-35,2.65E-34,1.03E-33,3.63E-33,1.17E-32,3.47E-32,9.37E-32,2.32E-31,5.23E-31,1.08E-30,2.04E-30,3.52E-30,5.55E-30,8.01E-30,1.06E-29,1.27E-29,1.40E-29,1.41E-29,1.30E-29,1.10E-29,8.44E-30,5.94E-30,3.82E-30,2.25E-30,1.21E-30,5.94E-31,2.67E-31,1.10E-31,4.12E-32,1.41E-32,4.44E-33,1.27E-33,3.34E-34,8.02E-35,1.76E-35,3.52E-36,6.46E-37,1.08E-37,1.66E-38,2.32E-39,2.97E-40,3.48E-41,3.72E-42,3.64E-43,3.29E-44,2.90E-45,3.39E-46,9.22E-47,4.34E-47,2.22E-47,1.11E-47,5.38E-48,2.50E-48,1.12E-48,4.84E-49,2.01E-49,8.06E-50,3.11E-50,1.15E-50,4.12E-51,1.42E-51
1.07E-83,1.47E-82,1.96E-81,2.55E-80,3.52E-79,7.76E-78,4.07E-76,3.02E-74,2.23E-72,1.52E-70,9.47E-69,5.40E-67,2.82E-65,1.34E-63,5.86E-62,2.33E-60,8.50E-59,2.83E-57,8.62E-56,2.40E-54,6.11E-53,1.42E-51,3.02E-50,5.88E-49,1.04E-47,1.70E-46,2.52E-45,3.43E-44,4.25E-43,4.83E-42,5.01E-41,4.75E-40,4.12E-39,3.27E-38,2.37E-37,1.57E-36,9.52E-36,5.27E-35,2.67E-34,1.24E-33,5.23E-33,2.02E-32,7.15E-32,2.31E-31,6.84E-31,1.85E-30,4.57E-30,1.03E-29,2.13E-29,4.02E-29,6.94E-29,1.09E-28,1.58E-28,2.08E-28,2.51E-28,2.77E-28,2.79E-28,2.57E-28,2.16E-28,1.66E-28,1.17E-28,7.53E-29,4.43E-29,2.38E-29,1.17E-29,5.26E-30,2.16E-30,8.12E-31,2.79E-31,8.75E-32,2.51E-32,6.59E-33,1.58E-33,3.47E-34,6.95E-35,1.27E-35,2.13E-36,3.27E-37,4.57E-38,5.86E-39,6.85E-40,7.33E-41,7.19E-42,6.51E-43,5.85E-44,7.49E-45,2.28E-45,1.10E-45,5.67E-46,2.84E-46,1.37E-46,6.39E-47,2.86E-47,1.24E-47,5.14E-48,2.06E-48,7.93E-49,2.94E-49,1.05E-49,3.62E-50
2.58E-82,3.57E-81,4.76E-80,6.16E-79,8.29E-78,1.65E-76,7.75E-75,5.61E-73,4.12E-71,2.80E-69,1.75E-67,9.98E-66,5.20E-64,2.48E-62,1.08E-60,4.31E-59,1.57E-57,5.23E-56,1.59E-54,4.43E-53,1.13E-51,2.62E-50,5.58E-49,1.09E-47,1.93E-46,3.14E-45,4.66E-44,6.33E-43,7.86E-42,8.92E-41,9.26E-40,8.78E-39,7.62E-38,6.04E-37,4.38E-36,2.90E-35,1.76E-34,9.74E-34,4.93E-33,2.28E-32,9.66E-32,3.74E-31,1.32E-30,4.27E-30,1.26E-29,3.41E-29,8.43E-29,1.90E-28,3.93E-28,7.42E-28,1.28E-27,2.02E-27,2.92E-27,3.84E-27,4.63E-27,5.11E-27,5.15E-27,4.74E-27,3.99E-27,3.07E-27,2.16E-27,1.39E-27,8.18E-28,4.40E-28,2.16E-28,9.72E-29,3.99E-29,1.50E-29,5.15E-30,1.62E-30,4.64E-31,1.22E-31,2.92E-32,6.40E-33,1.28E-33,2.35E-34,3.94E-35,6.03E-36,8.45E-37,1.08E-37,1.27E-38,1.35E-39,1.33E-40,1.21E-41,1.12E-42,1.59E-43,5.36E-44,2.67E-44,1.38E-44,6.89E-45,3.33E-45,1.55E-45,6.95E-46,3.00E-46,1.25E-46,4.99E-47,1.92E-47,7.14E-48,2.55E-48,8.79E-49
5.96E-81,8.23E-80,1.10E-78,1.42E-77,1.87E-76,3.36E-75,1.40E-73,9.77E-72,7.13E-70,4.85E-68,3.03E-66,1.73E-64,9.00E-63,4.29E-61,1.87E-59,7.46E-58,2.72E-56,9.05E-55,2.76E-53,7.67E-52,1.95E-50,4.54E-49,9.66E-48,1.88E-46,3.34E-45,5.43E-44,8.06E-43,1.09E-41,1.36E-40,1.54E-39,1.60E-38,1.52E-37,1.32E-36,1.04E-35,7.57E-35,5.02E-34,3.04E-33,1.68E-32,8.53E-32,3.95E-31,1.67E-30,6.46E-30,2.29E-29,7.39E-29,2.19E-28,5.91E-28,1.46E-27,3.30E-27,6.81E-27,1.28E-26,2.22E-26,3.50E-26,5.04E-26,6.65E-26,8.02E-26,8.84E-26,8.90E-26,8.20E-26,6.90E-26,5.32E-26,3.74E-26,2.41E-26,1.42E-26,7.61E-27,3.74E-27,1.68E-27,6.91E-28,2.59E-28,8.91E-29,2.80E-29,8.03E-30,2.11E-30,5.05E-31,1.11E-31,2.22E-32,4.07E-33,6.82E-34,1.04E-34,1.46E-35,1.87E-36,2.19E-37,2.34E-38,2.30E-39,2.11E-40,2.02E-41,3.25E-42,1.21E-42,6.13E-43,3.17E-43,1.59E-43,7.68E-44,3.57E-44,1.60E-44,6.91E-45,2.87E-45,1.15E-45,4.43E-46,1.65E-46,5.88E-47,2.03E-47
1.30E-79,1.80E-78,2.40E-77,3.09E-76,4.01E-75,6.62E-74,2.40E-72,1.60E-70,1.16E-68,7.87E-67,4.91E-65,2.80E-63,1.46E-61,6.96E-60,3.03E-58,1.21E-56,4.40E-55,1.47E-53,4.47E-52,1.24E-50,3.16E-49,7.36E-48,1.57E-46,3.04E-45,5.41E-44,8.80E-43,1.31E-41,1.77E-40,2.20E-39,2.50E-38,2.60E-37,2.46E-36,2.14E-35,1.69E-34,1.23E-33,8.14E-33,4.93E-32,2.73E-31,1.38E-30,6.40E-30,2.71E-29,1.05E-28,3.71E-28,1.20E-27,3.54E-27,9.57E-27,2.37E-26,5.34E-26,1.10E-25,2.08E-25,3.59E-25,5.67E-25,8.18E-25,1.08E-24,1.30E-24,1.43E-24,1.44E-24,1.33E-24,1.12E-24,8.62E-25,6.06E-25,3.90E-25,2.29E-25,1.23E-25,6.06E-26,2.73E-26,1.12E-26,4.21E-27,1.44E-27,4.53E-28,1.30E-28,3.41E-29,8.19E-30,1.80E-30,3.60E-31,6.59E-32,1.10E-32,1.69E-33,2.37E-34,3.03E-35,3.55E-36,3.80E-37,3.73E-38,3.45E-39,3.47E-40,6.40E-41,2.60E-41,1.34E-41,6.94E-42,3.48E-42,1.68E-42,7.82E-43,3.51E-43,1.51E-43,6.29E-44,2.52E-44,9.71E-45,3.60E-45,1.29E-45,4.44E-46
2.71E-78,3.75E-77,4.99E-76,6.43E-75,8.22E-74,1.26E-72,3.94E-71,2.46E-69,1.76E-67,1.19E-65,7.45E-64,4.25E-62,2.22E-60,1.06E-58,4.61E-57,1.84E-55,6.69E-54,2.23E-52,6.78E-51,1.89E-49,4.81E-48,1.12E-46,2.38E-45,4.62E-44,8.22E-43,1.34E-41,1.98E-40,2.70E-39,3.35E-38,3.80E-37,3.94E-36,3.74E-35,3.24E-34,2.57E-33,1.86E-32,1.24E-31,7.49E-31,4.15E-30,2.10E-29,9.72E-29,4.11E-28,1.59E-27,5.63E-27,1.82E-26,5.38E-26,1.45E-25,3.59E-25,8.11E-25,1.68E-24,3.16E-24,5.46E-24,8.61E-24,1.24E-23,1.64E-23,1.97E-23,2.18E-23,2.19E-23,2.02E-23,1.70E-23,1.31E-23,9.21E-24,5.92E-24,3.48E-24,1.87E-24,9.21E-25,4.14E-25,1.70E-25,6.39E-26,2.19E-26,6.88E-27,1.98E-27,5.18E-28,1.24E-28,2.73E-29,5.46E-30,1.00E-30,1.68E-31,2.57E-32,3.60E-33,4.61E-34,5.39E-35,5.77E-36,5.68E-37,5.30E-38,5.68E-39,1.22E-39,5.32E-40,2.78E-40,1.44E-40,7.24E-41,3.50E-41,1.63E-41,7.29E-42,3.15E-42,1.31E-42,5.24E-43,2.02E-43,7.50E-44,2.68E-44,9.23E-45
5.36E-77,7.41E-76,9.87E-75,1.27E-73,1.61E-72,2.31E-71,6.20E-70,3.57E-68,2.51E-66,1.70E-64,1.06E-62,6.05E-61,3.15E-59,1.50E-57,6.55E-56,2.61E-54,9.52E-53,3.17E-51,9.65E-50,2.69E-48,6.84E-47,1.59E-45,3.38E-44,6.58E-43,1.17E-41,1.90E-40,2.82E-39,3.83E-38,4.76E-37,5.40E-36,5.61E-35,5.32E-34,4.61E-33,3.66E-32,2.65E-31,1.76E-30,1.06E-29,5.90E-29,2.99E-28,1.38E-27,5.85E-27,2.26E-26,8.01E-26,2.59E-25,7.65E-25,2.07E-24,5.11E-24,1.15E-23,2.38E-23,4.50E-23,7.76E-23,1.22E-22,1.77E-22,2.33E-22,2.81E-22,3.09E-22,3.12E-22,2.87E-22,2.42E-22,1.86E-22,1.31E-22,8.43E-23,4.96E-23,2.67E-23,1.31E-23,5.89E-24,2.42E-24,9.09E-25,3.12E-25,9.79E-26,2.81E-26,7.37E-27,1.77E-27,3.88E-28,7.77E-29,1.42E-29,2.39E-30,3.66E-31,5.12E-32,6.55E-33,7.67E-34,8.22E-35,8.11E-36,7.69E-37,8.95E-38,2.24E-38,1.04E-38,5.49E-39,2.85E-39,1.43E-39,6.91E-40,3.22E-40,1.44E-40,6.22E-41,2.59E-41,1.04E-41,3.99E-42,1.48E-42,5.30E-43,1.82E-43
1.01E-75,1.39E-74,1.85E-73,2.38E-72,2.99E-71,4.09E-70,9.42E-69,4.88E-67,3.36E-65,2.27E-63,1.41E-61,8.06E-60,4.20E-58,2.00E-56,8.73E-55,3.48E-53,1.27E-51,4.22E-50,1.29E-48,3.58E-47,9.11E-46,2.12E-44,4.51E-43,8.77E-42,1.56E-40,2.53E-39,3.76E-38,5.11E-37,6.34E-36,7.20E-35,7.47E-34,7.09E-33,6.15E-32,4.88E-31,3.54E-30,2.34E-29,1.42E-28,7.86E-28,3.98E-27,1.84E-26,7.80E-26,3.02E-25,1.07E-24,3.45E-24,1.02E-23,2.76E-23,6.81E-23,1.54E-22,3.18E-22,6.00E-22,1.03E-21,1.63E-21,2.35E-21,3.10E-21,3.74E-21,4.12E-21,4.15E-21,3.83E-21,3.22E-21,2.48E-21,1.75E-21,1.12E-21,6.61E-22,3.55E-22,1.75E-22,7.85E-23,3.22E-23,1.21E-23,4.16E-24,1.31E-24,3.75E-25,9.83E-26,2.36E-26,5.17E-27,1.04E-27,1.90E-28,3.18E-29,4.87E-30,6.82E-31,8.73E-32,1.02E-32,1.10E-33,1.08E-34,1.05E-35,1.36E-36,3.96E-37,1.94E-37,1.03E-37,5.35E-38,2.69E-38,1.30E-38,6.04E-39,2.71E-39,1.17E-39,4.86E-40,1.94E-40,7.50E-41,2.78E-41,9.95E-42,3.43E-42
1.80E-74,2.48E-73,3.30E-72,4.24E-71,5.30E-70,6.97E-69,1.39E-67,6.33E-66,4.22E-64,2.83E-62,1.76E-60,1.01E-58,5.25E-57,2.50E-55,1.09E-53,4.35E-52,1.58E-50,5.27E-49,1.61E-47,4.47E-46,1.14E-44,2.65E-43,5.63E-42,1.09E-40,1.95E-39,3.16E-38,4.70E-37,6.38E-36,7.92E-35,8.99E-34,9.33E-33,8.85E-32,7.68E-31,6.09E-30,4.41E-29,2.92E-28,1.77E-27,9.81E-27,4.97E-26,2.30E-25,9.74E-25,3.77E-24,1.33E-23,4.31E-23,1.27E-22,3.44E-22,8.50E-22,1.92E-21,3.97E-21,7.48E-21,1.29E-20,2.04E-20,2.94E-20,3.88E-20,4.67E-20,5.15E-20,5.19E-20,4.78E-20,4.02E-20,3.10E-20,2.18E-20,1.40E-20,8.25E-21,4.43E-21,2.18E-21,9.80E-22,4.03E-22,1.51E-22,5.19E-23,1.63E-23,4.68E-24,1.23E-24,2.94E-25,6.45E-26,1.29E-26,2.37E-27,3.97E-28,6.08E-29,8.52E-30,1.09E-30,1.28E-31,1.37E-32,1.36E-33,1.36E-34,2.01E-35,6.75E-36,3.44E-36,1.83E-36,9.55E-37,4.79E-37,2.32E-37,1.08E-37,4.83E-38,2.08E-38,8.66E-39,3.47E-39,1.34E-39,4.96E-40,1.77E-40,6.11E-41
3.04E-73,4.21E-72,5.60E-71,7.18E-70,8.95E-69,1.14E-67,2.00E-66,7.81E-65,4.98E-63,3.32E-61,2.06E-59,1.18E-57,6.14E-56,2.93E-54,1.28E-52,5.08E-51,1.85E-49,6.17E-48,1.88E-46,5.23E-45,1.33E-43,3.10E-42,6.58E-41,1.28E-39,2.28E-38,3.70E-37,5.49E-36,7.46E-35,9.27E-34,1.05E-32,1.09E-31,1.04E-30,8.98E-30,7.12E-29,5.16E-28,3.42E-27,2.07E-26,1.15E-25,5.81E-25,2.69E-24,1.14E-23,4.41E-23,1.56E-22,5.04E-22,1.49E-21,4.03E-21,9.94E-21,2.25E-20,4.64E-20,8.75E-20,1.51E-19,2.38E-19,3.44E-19,4.53E-19,5.46E-19,6.02E-19,6.07E-19,5.59E-19,4.71E-19,3.62E-19,2.55E-19,1.64E-19,9.65E-20,5.19E-20,2.55E-20,1.15E-20,4.71E-21,1.77E-21,6.07E-22,1.91E-22,5.47E-23,1.44E-23,3.44E-24,7.55E-25,1.51E-25,2.77E-26,4.65E-27,7.12E-28,9.96E-29,1.28E-29,1.49E-30,1.60E-31,1.61E-32,1.69E-33,2.89E-34,1.11E-34,5.80E-35,3.11E-35,1.62E-35,8.12E-36,3.92E-36,1.83E-36,8.18E-37,3.53E-37,1.47E-37,5.88E-38,2.27E-38,8.41E-39,3.01E-39,1.04E-39
4.90E-72,6.77E-71,9.02E-70,1.16E-68,1.44E-67,1.79E-66,2.81E-65,9.24E-64,5.53E-62,3.64E-60,2.26E-58,1.29E-56,6.72E-55,3.21E-53,1.40E-51,5.57E-50,2.03E-48,6.76E-47,2.06E-45,5.73E-44,1.46E-42,3.39E-41,7.21E-40,1.40E-38,2.49E-37,4.05E-36,6.02E-35,8.18E-34,1.02E-32,1.15E-31,1.20E-30,1.13E-29,9.84E-29,7.80E-28,5.66E-27,3.75E-26,2.27E-25,1.26E-24,6.37E-24,2.95E-23,1.25E-22,4.83E-22,1.71E-21,5.52E-21,1.63E-20,4.41E-20,1.09E-19,2.46E-19,5.08E-19,9.59E-19,1.66E-18,2.61E-18,3.77E-18,4.97E-18,5.99E-18,6.60E-18,6.65E-18,6.12E-18,5.16E-18,3.97E-18,2.79E-18,1.80E-18,1.06E-18,5.68E-19,2.79E-19,1.26E-19,5.16E-20,1.94E-20,6.65E-21,2.09E-21,5.99E-22,1.57E-22,3.77E-23,8.27E-24,1.66E-24,3.04E-25,5.09E-26,7.80E-27,1.09E-27,1.40E-28,1.64E-29,1.76E-30,1.79E-31,2.00E-32,4.07E-33,1.74E-33,9.30E-34,5.00E-34,2.61E-34,1.31E-34,6.32E-35,2.94E-35,1.32E-35,5.69E-36,2.36E-36,9.47E-37,3.65E-37,1.35E-37,4.84E-38,1.67E-38
7.50E-71,1.04E-69,1.38E-68,1.77E-67,2.19E-66,2.69E-65,3.86E-64,1.06E-62,5.79E-61,3.75E-59,2.32E-57,1.32E-55,6.90E-54,3.29E-52,1.43E-50,5.72E-49,2.08E-47,6.94E-46,2.11E-44,5.88E-43,1.50E-41,3.48E-40,7.40E-39,1.44E-37,2.56E-36,4.16E-35,6.18E-34,8.39E-33,1.04E-31,1.18E-30,1.23E-29,1.16E-28,1.01E-27,8.01E-27,5.81E-26,3.85E-25,2.33E-24,1.29E-23,6.54E-23,3.03E-22,1.28E-21,4.96E-21,1.75E-20,5.67E-20,1.68E-19,4.53E-19,1.12E-18,2.53E-18,5.22E-18,9.85E-18,1.70E-17,2.68E-17,3.87E-17,5.10E-17,6.15E-17,6.77E-17,6.82E-17,6.29E-17,5.29E-17,4.07E-17,2.87E-17,1.84E-17,1.08E-17,5.83E-18,2.87E-18,1.29E-18,5.30E-19,1.99E-19,6.83E-20,2.14E-20,6.15E-21,1.61E-21,3.87E-22,8.49E-23,1.70E-23,3.12E-24,5.22E-25,8.00E-26,1.12E-26,1.43E-27,1.68E-28,1.81E-29,1.87E-30,2.28E-31,5.59E-32,2.61E-32,1.42E-32,7.65E-33,3.99E-33,2.00E-33,9.66E-34,4.50E-34,2.02E-34,8.70E-35,3.62E-35,1.45E-35,5.58E-36,2.07E-36,7.41E-37,2.55E-37
1.09E-69,1.51E-68,2.00E-67,2.57E-66,3.18E-65,3.86E-64,5.17E-63,1.18E-61,5.74E-60,3.63E-58,2.24E-56,1.27E-54,6.64E-53,3.16E-51,1.38E-49,5.50E-48,2.00E-46,6.67E-45,2.03E-43,5.65E-42,1.44E-40,3.35E-39,7.12E-38,1.38E-36,2.46E-35,4.00E-34,5.94E-33,8.07E-32,1.00E-30,1.14E-29,1.18E-28,1.12E-27,9.71E-27,7.70E-26,5.58E-25,3.70E-24,2.24E-23,1.24E-22,6.29E-22,2.91E-21,1.23E-20,4.77E-20,1.69E-19,5.45E-19,1.61E-18,4.35E-18,1.08E-17,2.43E-17,5.02E-17,9.47E-17,1.63E-16,2.58E-16,3.72E-16,4.90E-16,5.91E-16,6.51E-16,6.56E-16,6.04E-16,5.09E-16,3.92E-16,2.76E-16,1.77E-16,1.04E-16,5.61E-17,2.76E-17,1.24E-17,5.09E-18,1.91E-18,6.57E-19,2.06E-19,5.92E-20,1.55E-20,3.72E-21,8.16E-22,1.64E-22,3.00E-23,5.02E-24,7.70E-25,1.08E-25,1.38E-26,1.62E-27,1.75E-28,1.85E-29,2.54E-30,7.50E-31,3.75E-31,2.06E-31,1.11E-31,5.79E-32,2.91E-32,1.40E-32,6.54E-33,2.93E-33,1.26E-33,5.26E-34,2.10E-34,8.11E-35,3.01E-35,1.08E-35,3.71E-36
1.50E-68,2.08E-67,2.77E-66,3.55E-65,4.39E-64,5.29E-63,6.73E-62,1.29E-60,5.41E-59,3.29E-57,2.02E-55,1.15E-53,5.98E-52,2.85E-50,1.24E-48,4.95E-47,1.80E-45,6.01E-44,1.83E-42,5.09E-41,1.30E-39,3.02E-38,6.41E-37,1.25E-35,2.22E-34,3.60E-33,5.35E-32,7.27E-31,9.03E-30,1.02E-28,1.06E-27,1.01E-26,8.75E-26,6.94E-25,5.03E-24,3.33E-23,2.02E-22,1.12E-21,5.66E-21,2.62E-20,1.11E-19,4.29E-19,1.52E-18,4.91E-18,1.45E-17,3.92E-17,9.69E-17,2.19E-16,4.52E-16,8.53E-16,1.47E-15,2.32E-15,3.35E-15,4.42E-15,5.32E-15,5.87E-15,5.91E-15,5.45E-15,4.59E-15,3.53E-15,2.48E-15,1.60E-15,9.40E-16,5.05E-16,2.48E-16,1.12E-16,4.59E-17,1.72E-17,5.92E-18,1.86E-18,5.33E-19,1.40E-19,3.35E-20,7.35E-21,1.47E-21,2.70E-22,4.53E-23,6.93E-24,9.71E-25,1.24E-25,1.46E-26,1.59E-27,1.75E-28,2.79E-29,9.76E-30,5.13E-30,2.84E-30,1.53E-30,8.00E-31,4.01E-31,1.94E-31,9.03E-32,4.05E-32,1.75E-32,7.26E-33,2.91E-33,1.12E-33,4.16E-34,1.49E-34,5.12E-35
1.97E-67,2.73E-66,3.63E-65,4.65E-64,5.75E-63,6.90E-62,8.47E-61,1.39E-59,4.90E-58,2.81E-56,1.71E-54,9.68E-53,5.05E-51,2.41E-49,1.05E-47,4.18E-46,1.52E-44,5.07E-43,1.54E-41,4.30E-40,1.09E-38,2.55E-37,5.41E-36,1.05E-34,1.87E-33,3.04E-32,4.52E-31,6.14E-30,7.62E-29,8.65E-28,8.98E-27,8.52E-26,7.39E-25,5.86E-24,4.25E-23,2.81E-22,1.70E-21,9.44E-21,4.78E-20,2.21E-19,9.36E-19,3.62E-18,1.28E-17,4.14E-17,1.22E-16,3.31E-16,8.18E-16,1.85E-15,3.81E-15,7.20E-15,1.24E-14,1.96E-14,2.83E-14,3.73E-14,4.49E-14,4.95E-14,4.99E-14,4.60E-14,3.87E-14,2.98E-14,2.10E-14,1.35E-14,7.93E-15,4.27E-15,2.10E-15,9.42E-16,3.87E-16,1.45E-16,4.99E-17,1.57E-17,4.50E-18,1.18E-18,2.83E-19,6.21E-20,1.24E-20,2.28E-21,3.82E-22,5.85E-23,8.19E-24,1.05E-24,1.23E-25,1.36E-26,1.58E-27,3.02E-28,1.23E-28,6.69E-29,3.73E-29,2.01E-29,1.05E-29,5.26E-30,2.54E-30,1.18E-30,5.31E-31,2.29E-31,9.52E-32,3.81E-32,1.47E-32,5.46E-33,1.95E-33,6.71E-34
2.46E-66,3.40E-65,4.52E-64,5.80E-63,7.16E-62,8.56E-61,1.03E-59,1.49E-58,4.29E-57,2.27E-55,1.35E-53,7.66E-52,3.99E-50,1.90E-48,8.29E-47,3.30E-45,1.20E-43,4.01E-42,1.22E-40,3.40E-39,8.65E-38,2.01E-36,4.28E-35,8.32E-34,1.48E-32,2.40E-31,3.57E-30,4.85E-29,6.02E-28,6.84E-27,7.10E-26,6.73E-25,5.84E-24,4.63E-23,3.36E-22,2.22E-21,1.35E-20,7.46E-20,3.78E-19,1.75E-18,7.40E-18,2.86E-17,1.01E-16,3.28E-16,9.68E-16,2.62E-15,6.47E-15,1.46E-14,3.02E-14,5.69E-14,9.82E-14,1.55E-13,2.24E-13,2.95E-13,3.55E-13,3.92E-13,3.94E-13,3.63E-13,3.06E-13,2.36E-13,1.66E-13,1.07E-13,6.27E-14,3.37E-14,1.66E-14,7.45E-15,3.06E-15,1.15E-15,3.95E-16,1.24E-16,3.56E-17,9.33E-18,2.24E-18,4.91E-19,9.84E-20,1.80E-20,3.02E-21,4.63E-22,6.48E-23,8.30E-24,9.79E-25,1.10E-25,1.39E-26,3.24E-27,1.49E-27,8.31E-28,4.64E-28,2.51E-28,1.31E-28,6.56E-29,3.17E-29,1.48E-29,6.61E-30,2.85E-30,1.19E-30,4.75E-31,1.83E-31,6.80E-32,2.43E-32,8.37E-33
2.91E-65,4.03E-64,5.36E-63,6.87E-62,8.48E-61,1.01E-59,1.19E-58,1.58E-57,3.68E-56,1.73E-54,1.01E-52,5.68E-51,2.96E-49,1.41E-47,6.14E-46,2.45E-44,8.92E-43,2.97E-41,9.04E-40,2.52E-38,6.41E-37,1.49E-35,3.17E-34,6.16E-33,1.10E-31,1.78E-30,2.65E-29,3.59E-28,4.46E-27,5.06E-26,5.26E-25,4.99E-24,4.33E-23,3.43E-22,2.49E-21,1.65E-20,9.98E-20,5.53E-19,2.80E-18,1.30E-17,5.48E-17,2.12E-16,7.50E-16,2.43E-15,7.17E-15,1.94E-14,4.79E-14,1.08E-13,2.23E-13,4.22E-13,7.28E-13,1.15E-12,1.66E-12,2.18E-12,2.63E-12,2.90E-12,2.92E-12,2.69E-12,2.27E-12,1.74E-12,1.23E-12,7.90E-13,4.65E-13,2.50E-13,1.23E-13,5.52E-14,2.27E-14,8.52E-15,2.92E-15,9.18E-16,2.63E-16,6.91E-17,1.66E-17,3.63E-18,7.29E-19,1.34E-19,2.24E-20,3.43E-21,4.80E-22,6.16E-23,7.29E-24,8.36E-25,1.19E-25,3.44E-26,1.73E-26,9.81E-27,5.49E-27,2.97E-27,1.55E-27,7.77E-28,3.75E-28,1.75E-28,7.83E-29,3.38E-29,1.41E-29,5.62E-30,2.17E-30,8.05E-31,2.88E-31,9.91E-32
3.28E-64,4.53E-63,6.03E-62,7.72E-61,9.54E-60,1.14E-58,1.32E-57,1.65E-56,3.14E-55,1.26E-53,7.04E-52,3.95E-50,2.05E-48,9.78E-47,4.26E-45,1.70E-43,6.19E-42,2.06E-40,6.28E-39,1.75E-37,4.45E-36,1.03E-34,2.20E-33,4.28E-32,7.60E-31,1.24E-29,1.84E-28,2.49E-27,3.10E-26,3.51E-25,3.65E-24,3.46E-23,3.00E-22,2.38E-21,1.73E-20,1.14E-19,6.93E-19,3.84E-18,1.94E-17,8.99E-17,3.81E-16,1.47E-15,5.21E-15,1.68E-14,4.98E-14,1.34E-13,3.32E-13,7.51E-13,1.55E-12,2.93E-12,5.05E-12,7.97E-12,1.15E-11,1.51E-11,1.83E-11,2.01E-11,2.03E-11,1.87E-11,1.57E-11,1.21E-11,8.52E-12,5.48E-12,3.22E-12,1.73E-12,8.52E-13,3.83E-13,1.57E-13,5.91E-14,2.03E-14,6.37E-15,1.83E-15,4.80E-16,1.15E-16,2.52E-17,5.06E-18,9.27E-19,1.55E-19,2.38E-20,3.33E-21,4.28E-22,5.10E-23,6.09E-24,1.02E-24,3.58E-25,1.92E-25,1.10E-25,6.18E-26,3.34E-26,1.74E-26,8.74E-27,4.22E-27,1.97E-27,8.81E-28,3.80E-28,1.58E-28,6.33E-29,2.44E-29,9.06E-30,3.24E-30,1.11E-30
3.50E-63,4.84E-62,6.44E-61,8.25E-60,1.02E-58,1.21E-57,1.40E-56,1.67E-55,2.67E-54,8.84E-53,4.64E-51,2.57E-49,1.33E-47,6.36E-46,2.77E-44,1.10E-42,4.02E-41,1.34E-39,4.08E-38,1.14E-36,2.89E-35,6.72E-34,1.43E-32,2.78E-31,4.94E-30,8.03E-29,1.19E-27,1.62E-26,2.01E-25,2.28E-24,2.37E-23,2.25E-22,1.95E-21,1.55E-20,1.12E-19,7.43E-19,4.50E-18,2.49E-17,1.26E-16,5.84E-16,2.47E-15,9.57E-15,3.38E-14,1.09E-13,3.24E-13,8.74E-13,2.16E-12,4.88E-12,1.01E-11,1.90E-11,3.28E-11,5.18E-11,7.47E-11,9.85E-11,1.19E-10,1.31E-10,1.32E-10,1.21E-10,1.02E-10,7.87E-11,5.54E-11,3.56E-11,2.10E-11,1.13E-11,5.54E-12,2.49E-12,1.02E-12,3.84E-13,1.32E-13,4.14E-14,1.19E-14,3.12E-15,7.48E-16,1.64E-16,3.29E-17,6.02E-18,1.01E-18,1.55E-19,2.17E-20,2.79E-21,3.36E-22,4.28E-23,8.68E-24,3.63E-24,2.04E-24,1.18E-24,6.60E-25,3.57E-25,1.86E-25,9.34E-26,4.51E-26,2.10E-26,9.42E-27,4.06E-27,1.69E-27,6.76E-28,2.61E-28,9.68E-29,3.46E-29,1.19E-29
3.56E-62,4.91E-61,6.54E-60,8.38E-59,1.03E-57,1.23E-56,1.42E-55,1.64E-54,2.29E-53,6.05E-52,2.89E-50,1.57E-48,8.13E-47,3.87E-45,1.69E-43,6.72E-42,2.45E-40,8.16E-39,2.48E-37,6.92E-36,1.76E-34,4.09E-33,8.71E-32,1.69E-30,3.01E-29,4.89E-28,7.27E-27,9.87E-26,1.23E-24,1.39E-23,1.44E-22,1.37E-21,1.19E-20,9.42E-20,6.83E-19,4.53E-18,2.74E-17,1.52E-16,7.69E-16,3.56E-15,1.51E-14,5.83E-14,2.06E-13,6.66E-13,1.97E-12,5.32E-12,1.32E-11,2.97E-11,6.13E-11,1.16E-10,2.00E-10,3.15E-10,4.55E-10,6.00E-10,7.23E-10,7.97E-10,8.03E-10,7.39E-10,6.22E-10,4.79E-10,3.37E-10,2.17E-10,1.28E-10,6.86E-11,3.37E-11,1.52E-11,6.23E-12,2.34E-12,8.03E-13,2.52E-13,7.24E-14,1.90E-14,4.55E-15,9.98E-16,2.00E-16,3.67E-17,6.15E-18,9.41E-19,1.32E-19,1.70E-20,2.10E-21,2.93E-22,7.43E-23,3.56E-23,2.06E-23,1.19E-23,6.70E-24,3.63E-24,1.89E-24,9.48E-25,4.58E-25,2.13E-25,9.56E-26,4.13E-26,1.72E-26,6.87E-27,2.65E-27,9.83E-28,3.51E-28,1.21E-28
3.43E-61,4.74E-60,6.31E-59,8.08E-58,9.98E-57,1.19E-55,1.36E-54,1.55E-53,1.95E-52,4.12E-51,1.72E-49,9.03E-48,4.64E-46,2.21E-44,9.63E-43,3.84E-41,1.40E-39,4.65E-38,1.42E-36,3.95E-35,1.00E-33,2.34E-32,4.97E-31,9.66E-30,1.72E-28,2.79E-27,4.15E-26,5.63E-25,6.99E-24,7.94E-23,8.24E-22,7.81E-21,6.78E-20,5.37E-19,3.90E-18,2.58E-17,1.56E-16,8.66E-16,4.39E-15,2.03E-14,8.59E-14,3.32E-13,1.18E-12,3.80E-12,1.12E-11,3.04E-11,7.50E-11,1.69E-10,3.50E-10,6.61E-10,1.14E-09,1.80E-09,2.59E-09,3.42E-09,4.12E-09,4.54E-09,4.58E-09,4.22E-09,3.55E-09,2.73E-09,1.92E-09,1.24E-09,7.28E-10,3.91E-10,1.92E-10,8.65E-11,3.55E-11,1.33E-11,4.58E-12,1.44E-12,4.13E-13,1.08E-13,2.60E-14,5.70E-15,1.14E-15,2.09E-16,3.51E-17,5.37E-18,7.54E-19,9.79E-20,1.24E-20,2.00E-21,6.36E-22,3.36E-22,1.98E-22,1.15E-22,6.47E-23,3.50E-23,1.82E-23,9.15E-24,4.42E-24,2.06E-24,9.22E-25,3.98E-25,1.65E-25,6.62E-26,2.55E-26,9.48E-27,3.39E-27,1.17E-27
3.14E-60,4.34E-59,5.78E-58,7.41E-57,9.14E-56,1.09E-54,1.25E-53,1.40E-52,1.65E-51,2.82E-50,9.78E-49,4.88E-47,2.49E-45,1.18E-43,5.15E-42,2.05E-40,7.47E-39,2.49E-37,7.57E-36,2.11E-34,5.37E-33,1.25E-31,2.66E-30,5.16E-29,9.18E-28,1.49E-26,2.22E-25,3.01E-24,3.74E-23,4.24E-22,4.40E-21,4.18E-20,3.62E-19,2.87E-18,2.08E-17,1.38E-16,8.36E-16,4.63E-15,2.34E-14,1.09E-13,4.59E-13,1.78E-12,6.28E-12,2.03E-11,6.01E-11,1.62E-10,4.01E-10,9.06E-10,1.87E-09,3.53E-09,6.09E-09,9.61E-09,1.39E-08,1.83E-08,2.20E-08,2.43E-08,2.45E-08,2.25E-08,1.90E-08,1.46E-08,1.03E-08,6.61E-09,3.89E-09,2.09E-09,1.03E-09,4.62E-10,1.90E-10,7.13E-11,2.45E-11,7.69E-12,2.21E-12,5.79E-13,1.39E-13,3.04E-14,6.10E-15,1.12E-15,1.87E-16,2.87E-17,4.04E-18,5.30E-19,7.09E-20,1.37E-20,5.38E-21,3.04E-21,1.81E-21,1.06E-21,5.93E-22,3.21E-22,1.67E-22,8.38E-23,4.05E-23,1.89E-23,8.45E-24,3.65E-24,1.52E-24,6.07E-25,2.34E-25,8.69E-26,3.11E-26,1.07E-26
2.74E-59,3.78E-58,5.03E-57,6.45E-56,7.96E-55,9.46E-54,1.08E-52,1.21E-51,1.37E-50,1.96E-49,5.44E-48,2.50E-46,1.25E-44,5.92E-43,2.58E-41,1.03E-39,3.74E-38,1.25E-36,3.79E-35,1.06E-33,2.69E-32,6.25E-31,1.33E-29,2.58E-28,4.59E-27,7.47E-26,1.11E-24,1.51E-23,1.87E-22,2.12E-21,2.20E-20,2.09E-19,1.81E-18,1.44E-17,1.04E-16,6.91E-16,4.19E-15,2.32E-14,1.17E-13,5.43E-13,2.30E-12,8.90E-12,3.15E-11,1.02E-10,3.01E-10,8.13E-10,2.01E-09,4.54E-09,9.36E-09,1.77E-08,3.05E-08,4.81E-08,6.94E-08,9.15E-08,1.10E-07,1.22E-07,1.23E-07,1.13E-07,9.50E-08,7.31E-08,5.15E-08,3.31E-08,1.95E-08,1.05E-08,5.15E-09,2.31E-09,9.51E-10,3.57E-10,1.23E-10,3.85E-11,1.10E-11,2.90E-12,6.95E-13,1.52E-13,3.06E-14,5.60E-15,9.38E-16,1.44E-16,2.03E-17,2.71E-18,3.95E-19,9.56E-20,4.45E-20,2.63E-20,1.58E-20,9.19E-21,5.16E-21,2.79E-21,1.45E-21,7.30E-22,3.53E-22,1.64E-22,7.36E-23,3.18E-23,1.32E-23,5.28E-24,2.04E-24,7.56E-25,2.70E-25,9.31E-26
2.26E-58,3.13E-57,4.16E-56,5.34E-55,6.59E-54,7.83E-53,8.97E-52,9.94E-51,1.09E-49,1.38E-48,3.01E-47,1.21E-45,5.90E-44,2.78E-42,1.21E-40,4.81E-39,1.75E-37,5.84E-36,1.78E-34,4.95E-33,1.26E-31,2.93E-30,6.24E-29,1.21E-27,2.16E-26,3.50E-25,5.20E-24,7.07E-23,8.78E-22,9.96E-21,1.03E-19,9.81E-19,8.51E-18,6.75E-17,4.89E-16,3.24E-15,1.96E-14,1.09E-13,5.51E-13,2.55E-12,1.08E-11,4.17E-11,1.48E-10,4.77E-10,1.41E-09,3.81E-09,9.42E-09,2.13E-08,4.39E-08,8.29E-08,1.43E-07,2.26E-07,3.26E-07,4.29E-07,5.18E-07,5.70E-07,5.75E-07,5.29E-07,4.46E-07,3.43E-07,2.41E-07,1.55E-07,9.14E-08,4.91E-08,2.42E-08,1.09E-08,4.46E-09,1.67E-09,5.75E-10,1.81E-10,5.18E-11,1.36E-11,3.26E-12,7.15E-13,1.43E-13,2.63E-14,4.40E-15,6.76E-16,9.59E-17,1.32E-17,2.19E-18,6.76E-19,3.57E-19,2.17E-19,1.30E-19,7.60E-20,4.27E-20,2.31E-20,1.20E-20,6.04E-21,2.92E-21,1.36E-21,6.09E-22,2.63E-22,1.09E-22,4.37E-23,1.69E-23,6.26E-24,2.24E-24,7.70E-25
1.78E-57,2.46E-56,3.27E-55,4.19E-54,5.18E-53,6.15E-52,7.04E-51,7.79E-50,8.44E-49,9.80E-48,1.69E-46,5.68E-45,2.63E-43,1.22E-41,5.31E-40,2.12E-38,7.71E-37,2.57E-35,7.82E-34,2.18E-32,5.54E-31,1.29E-29,2.74E-28,5.33E-27,9.47E-26,1.54E-24,2.29E-23,3.11E-22,3.86E-21,4.38E-20,4.54E-19,4.31E-18,3.74E-17,2.96E-16,2.15E-15,1.42E-14,8.63E-14,4.78E-13,2.42E-12,1.12E-11,4.74E-11,1.83E-10,6.48E-10,2.10E-09,6.20E-09,1.68E-08,4.14E-08,9.35E-08,1.93E-07,3.64E-07,6.29E-07,9.92E-07,1.43E-06,1.89E-06,2.27E-06,2.51E-06,2.53E-06,2.33E-06,1.96E-06,1.51E-06,1.06E-06,6.83E-07,4.01E-07,2.16E-07,1.06E-07,4.77E-08,1.96E-08,7.36E-09,2.53E-09,7.93E-10,2.28E-10,5.97E-11,1.43E-11,3.14E-12,6.30E-13,1.15E-13,1.94E-14,2.98E-15,4.27E-16,6.18E-17,1.23E-17,4.80E-18,2.76E-18,1.70E-18,1.03E-18,5.98E-19,3.36E-19,1.82E-19,9.46E-20,4.75E-20,2.29E-20,1.07E-20,4.78E-21,2.06E-21,8.58E-22,3.44E-22,1.32E-22,4.92E-23,1.76E-23,6.05E-24
1.33E-56,1.84E-55,2.44E-54,3.13E-53,3.86E-52,4.59E-51,5.26E-50,5.81E-49,6.23E-48,6.85E-47,9.72E-46,2.60E-44,1.10E-42,5.06E-41,2.19E-39,8.71E-38,3.17E-36,1.06E-34,3.22E-33,8.96E-32,2.28E-30,5.30E-29,1.13E-27,2.19E-26,3.90E-25,6.34E-24,9.41E-23,1.28E-21,1.59E-20,1.80E-19,1.87E-18,1.77E-17,1.54E-16,1.22E-15,8.84E-15,5.86E-14,3.55E-13,1.97E-12,9.96E-12,4.61E-11,1.95E-10,7.55E-10,2.67E-09,8.63E-09,2.55E-08,6.90E-08,1.70E-07,3.85E-07,7.95E-07,1.50E-06,2.59E-06,4.08E-06,5.89E-06,7.77E-06,9.36E-06,1.03E-05,1.04E-05,9.57E-06,8.06E-06,6.21E-06,4.37E-06,2.81E-06,1.65E-06,8.89E-07,4.37E-07,1.96E-07,8.07E-08,3.03E-08,1.04E-08,3.27E-09,9.37E-10,2.46E-10,5.90E-11,1.29E-11,2.59E-12,4.75E-13,7.97E-14,1.23E-14,1.80E-15,2.84E-16,7.14E-17,3.37E-17,2.04E-17,1.27E-17,7.66E-18,4.46E-18,2.51E-18,1.36E-18,7.06E-19,3.54E-19,1.71E-19,7.97E-20,3.57E-20,1.54E-20,6.41E-21,2.57E-21,9.89E-22,3.67E-22,1.31E-22,4.52E-23
9.42E-56,1.30E-54,1.73E-53,2.22E-52,2.74E-51,3.26E-50,3.73E-49,4.11E-48,4.40E-47,4.68E-46,5.75E-45,1.19E-43,4.43E-42,1.97E-40,8.46E-39,3.36E-37,1.22E-35,4.08E-34,1.24E-32,3.45E-31,8.79E-30,2.04E-28,4.35E-27,8.46E-26,1.50E-24,2.44E-23,3.63E-22,4.93E-21,6.12E-20,6.95E-19,7.21E-18,6.84E-17,5.93E-16,4.70E-15,3.41E-14,2.26E-13,1.37E-12,7.58E-12,3.84E-11,1.78E-10,7.52E-10,2.91E-09,1.03E-08,3.33E-08,9.84E-08,2.66E-07,6.57E-07,1.48E-06,3.06E-06,5.78E-06,9.98E-06,1.57E-05,2.27E-05,2.99E-05,3.61E-05,3.98E-05,4.01E-05,3.69E-05,3.11E-05,2.39E-05,1.68E-05,1.08E-05,6.37E-06,3.43E-06,1.68E-06,7.57E-07,3.11E-07,1.17E-07,4.01E-08,1.26E-08,3.61E-09,9.48E-10,2.27E-10,4.99E-11,1.00E-11,1.83E-12,3.08E-13,4.79E-14,7.23E-15,1.31E-15,4.26E-16,2.31E-16,1.44E-16,9.01E-17,5.44E-17,3.17E-17,1.78E-17,9.62E-18,5.01E-18,2.51E-18,1.21E-18,5.65E-19,2.53E-19,1.09E-19,4.55E-20,1.82E-20,7.01E-21,2.60E-21,9.31E-22,3.21E-22
6.35E-55,8.78E-54,1.17E-52,1.50E-51,1.85E-50,2.20E-49,2.51E-48,2.77E-47,2.95E-46,3.08E-45,3.45E-44,5.61E-43,1.72E-41,7.21E-40,3.06E-38,1.21E-36,4.42E-35,1.47E-33,4.48E-32,1.25E-30,3.18E-29,7.39E-28,1.57E-26,3.06E-25,5.43E-24,8.83E-23,1.31E-21,1.78E-20,2.21E-19,2.51E-18,2.61E-17,2.47E-16,2.14E-15,1.70E-14,1.23E-13,8.17E-13,4.95E-12,2.74E-11,1.39E-10,6.42E-10,2.72E-09,1.05E-08,3.72E-08,1.20E-07,3.55E-07,9.61E-07,2.37E-06,5.36E-06,1.11E-05,2.09E-05,3.61E-05,5.69E-05,8.21E-05,0.0001082,0.00013043,0.000143739,0.000144816,0.000133383,0.000112313,8.65E-05,6.08E-05,3.91E-05,2.30E-05,1.24E-05,6.09E-06,2.73E-06,1.12E-06,4.22E-07,1.45E-07,4.55E-08,1.31E-08,3.43E-09,8.22E-10,1.80E-10,3.61E-11,6.63E-12,1.12E-12,1.76E-13,2.82E-14,6.24E-15,2.58E-15,1.53E-15,9.74E-16,6.08E-16,3.67E-16,2.14E-16,1.20E-16,6.49E-17,3.38E-17,1.69E-17,8.19E-18,3.81E-18,1.71E-18,7.37E-19,3.06E-19,1.23E-19,4.73E-20,1.75E-20,6.27E-21,2.16E-21
4.07E-54,5.62E-53,7.48E-52,9.58E-51,1.18E-49,1.41E-48,1.61E-47,1.77E-46,1.89E-45,1.95E-44,2.06E-43,2.75E-42,6.60E-41,2.51E-39,1.04E-37,4.12E-36,1.50E-34,4.98E-33,1.52E-31,4.22E-30,1.07E-28,2.50E-27,5.32E-26,1.03E-24,1.84E-23,2.99E-22,4.44E-21,6.03E-20,7.48E-19,8.50E-18,8.82E-17,8.36E-16,7.26E-15,5.75E-14,4.17E-13,2.76E-12,1.67E-11,9.27E-11,4.70E-10,2.17E-09,9.20E-09,3.56E-08,1.26E-07,4.07E-07,1.20E-06,3.25E-06,8.03E-06,1.81E-05,3.75E-05,7.07E-05,0.000122045,0.000192548,0.000277718,0.000366196,0.000441434,0.000486477,0.000490121,0.000451427,0.000380116,0.000292609,0.000205923,0.000132484,7.79E-05,4.19E-05,2.06E-05,9.26E-06,3.80E-06,1.43E-06,4.90E-07,1.54E-07,4.42E-08,1.16E-08,2.78E-09,6.10E-10,1.22E-10,2.25E-11,3.81E-12,6.15E-13,1.10E-13,3.11E-14,1.56E-14,9.76E-15,6.25E-15,3.90E-15,2.36E-15,1.37E-15,7.69E-16,4.16E-16,2.16E-16,1.09E-16,5.24E-17,2.44E-17,1.09E-17,4.72E-18,1.96E-18,7.85E-19,3.03E-19,1.12E-19,4.02E-20,1.38E-20
2.47E-53,3.42E-52,4.55E-51,5.83E-50,7.19E-49,8.55E-48,9.79E-47,1.08E-45,1.15E-44,1.18E-43,1.21E-42,1.39E-41,2.57E-40,8.37E-39,3.34E-37,1.31E-35,4.75E-34,1.58E-32,4.81E-31,1.34E-29,3.41E-28,7.93E-27,1.69E-25,3.28E-24,5.83E-23,9.47E-22,1.41E-20,1.91E-19,2.37E-18,2.69E-17,2.80E-16,2.65E-15,2.30E-14,1.82E-13,1.32E-12,8.76E-12,5.31E-11,2.94E-10,1.49E-09,6.89E-09,2.92E-08,1.13E-07,3.99E-07,1.29E-06,3.81E-06,1.03E-05,2.55E-05,5.75E-05,0.000118782,0.000224224,0.000386955,0.000610494,0.000880534,0.001161061,0.001399613,0.001542426,0.001553978,0.001431295,0.001205195,0.000927747,0.000652898,0.000420054,0.000247064,0.000132849,6.53E-05,2.93E-05,1.21E-05,4.53E-06,1.56E-06,4.88E-07,1.40E-07,3.68E-08,8.82E-09,1.93E-09,3.88E-10,7.15E-11,1.22E-11,2.07E-12,4.37E-13,1.61E-13,9.24E-14,5.95E-14,3.82E-14,2.38E-14,1.44E-14,8.35E-15,4.68E-15,2.53E-15,1.32E-15,6.60E-16,3.19E-16,1.48E-16,6.65E-17,2.87E-17,1.19E-17,4.78E-18,1.84E-18,6.83E-19,2.44E-19,8.41E-20
1.43E-52,1.98E-51,2.63E-50,3.37E-49,4.16E-48,4.94E-47,5.66E-46,6.24E-45,6.62E-44,6.79E-43,6.82E-42,7.21E-41,1.04E-39,2.73E-38,1.01E-36,3.90E-35,1.41E-33,4.69E-32,1.43E-30,3.98E-29,1.01E-27,2.35E-26,5.01E-25,9.74E-24,1.73E-22,2.81E-21,4.18E-20,5.68E-19,7.05E-18,8.00E-17,8.30E-16,7.88E-15,6.83E-14,5.42E-13,3.93E-12,2.60E-11,1.58E-10,8.73E-10,4.42E-09,2.05E-08,8.66E-08,3.35E-07,1.19E-06,3.83E-06,1.13E-05,3.06E-05,7.57E-05,0.000170866,0.000352814,0.000666008,0.001149361,0.001813334,0.002615428,0.003448669,0.004157232,0.004581428,0.00461574,0.004251339,0.00357976,0.002755663,0.001939287,0.001247676,0.000733847,0.000394597,0.000193975,8.72E-05,3.58E-05,1.35E-05,4.62E-06,1.45E-06,4.16E-07,1.09E-07,2.62E-08,5.75E-09,1.16E-09,2.14E-10,3.75E-11,6.95E-12,1.85E-12,8.59E-13,5.31E-13,3.46E-13,2.22E-13,1.38E-13,8.33E-14,4.84E-14,2.71E-14,1.46E-14,7.61E-15,3.82E-15,1.84E-15,8.58E-16,3.84E-16,1.66E-16,6.89E-17,2.76E-17,1.06E-17,3.95E-18,1.41E-18,4.86E-19
7.85E-52,1.08E-50,1.44E-49,1.85E-48,2.28E-47,2.71E-46,3.11E-45,3.42E-44,3.63E-43,3.72E-42,3.70E-41,3.72E-40,4.46E-39,8.98E-38,2.94E-36,1.10E-34,3.94E-33,1.31E-31,3.98E-30,1.11E-28,2.82E-27,6.55E-26,1.39E-24,2.71E-23,4.82E-22,7.83E-21,1.16E-19,1.58E-18,1.96E-17,2.23E-16,2.31E-15,2.19E-14,1.90E-13,1.51E-12,1.09E-11,7.24E-11,4.39E-10,2.43E-09,1.23E-08,5.70E-08,2.41E-07,9.33E-07,3.30E-06,1.07E-05,3.15E-05,8.52E-05,0.000210505,0.000475453,0.000981741,0.001853235,0.003198216,0.005045786,0.007277694,0.009596275,0.011567923,0.012748292,0.012843769,0.011829785,0.009961049,0.007667913,0.005396264,0.003471787,0.002042006,0.001098006,0.000539755,0.000242567,9.97E-05,3.74E-05,1.29E-05,4.03E-06,1.16E-06,3.04E-07,7.29E-08,1.60E-08,3.23E-09,6.05E-10,1.11E-10,2.40E-11,8.36E-12,4.58E-12,2.94E-12,1.92E-12,1.23E-12,7.64E-13,4.59E-13,2.66E-13,1.49E-13,8.04E-14,4.18E-14,2.10E-14,1.01E-14,4.71E-15,2.11E-15,9.11E-16,3.79E-16,1.52E-16,5.84E-17,2.17E-17,7.75E-18,2.67E-18
4.09E-51,5.66E-50,7.53E-49,9.65E-48,1.19E-46,1.42E-45,1.62E-44,1.79E-43,1.90E-42,1.94E-41,1.92E-40,1.87E-39,1.99E-38,3.07E-37,8.27E-36,2.91E-34,1.03E-32,3.41E-31,1.04E-29,2.89E-28,7.34E-27,1.71E-25,3.63E-24,7.06E-23,1.26E-21,2.04E-20,3.03E-19,4.12E-18,5.11E-17,5.80E-16,6.02E-15,5.71E-14,4.96E-13,3.93E-12,2.85E-11,1.89E-10,1.14E-09,6.33E-09,3.21E-08,1.48E-07,6.28E-07,2.43E-06,8.60E-06,2.78E-05,8.22E-05,0.000222109,0.000548742,0.001239406,0.002559193,0.004830992,0.008337072,0.013153298,0.018971411,0.02501546,0.030155132,0.033232105,0.033480994,0.030837752,0.025966354,0.019988636,0.014066927,0.009050223,0.005323085,0.002862277,0.001407033,0.000632327,0.000259791,9.76E-05,3.35E-05,1.05E-05,3.02E-06,7.93E-07,1.90E-07,4.19E-08,8.52E-09,1.64E-09,3.31E-10,8.96E-11,3.98E-11,2.40E-11,1.56E-11,1.02E-11,6.49E-12,4.02E-12,2.41E-12,1.39E-12,7.79E-13,4.20E-13,2.18E-13,1.09E-13,5.28E-14,2.46E-14,1.10E-14,4.75E-15,1.97E-15,7.90E-16,3.05E-16,1.13E-16,4.04E-17,1.39E-17
2.03E-50,2.80E-49,3.73E-48,4.78E-47,5.90E-46,7.01E-45,8.03E-44,8.85E-43,9.39E-42,9.61E-41,9.48E-40,9.12E-39,9.01E-38,1.11E-36,2.33E-35,7.35E-34,2.53E-32,8.34E-31,2.53E-29,7.05E-28,1.79E-26,4.17E-25,8.87E-24,1.73E-22,3.07E-21,4.98E-20,7.40E-19,1.01E-17,1.25E-16,1.42E-15,1.47E-14,1.40E-13,1.21E-12,9.60E-12,6.96E-11,4.61E-10,2.79E-09,1.55E-08,7.83E-08,3.63E-07,1.53E-06,5.94E-06,2.10E-05,6.79E-05,0.00020071,0.000542409,0.001340073,0.003026732,0.006249762,0.011797686,0.020359826,0.032121452,0.046329772,0.061089846,0.073641356,0.081155586,0.081763402,0.075308398,0.063412051,0.048813976,0.034352681,0.022101477,0.012999492,0.006989987,0.003436149,0.00154424,0.000634464,0.000238317,8.18E-05,2.57E-05,7.38E-06,1.94E-06,4.67E-07,1.03E-07,2.14E-08,4.37E-09,1.04E-09,3.66E-10,1.93E-10,1.22E-10,7.94E-11,5.14E-11,3.26E-11,2.01E-11,1.20E-11,6.93E-12,3.87E-12,2.08E-12,1.08E-12,5.43E-13,2.62E-13,1.22E-13,5.46E-14,2.35E-14,9.79E-15,3.92E-15,1.51E-15,5.61E-16,2.00E-16,6.90E-17
9.55E-50,1.32E-48,1.76E-47,2.25E-46,2.78E-45,3.30E-44,3.78E-43,4.17E-42,4.42E-41,4.52E-40,4.46E-39,4.26E-38,4.04E-37,4.29E-36,6.80E-35,1.80E-33,5.89E-32,1.92E-30,5.80E-29,1.61E-27,4.10E-26,9.54E-25,2.03E-23,3.95E-22,7.02E-21,1.14E-19,1.69E-18,2.30E-17,2.86E-16,3.24E-15,3.36E-14,3.19E-13,2.77E-12,2.20E-11,1.59E-10,1.05E-09,6.39E-09,3.54E-08,1.79E-07,8.30E-07,3.51E-06,1.36E-05,4.80E-05,0.000155335,0.000459181,0.001240914,0.003065798,0.006924512,0.014298111,0.026990568,0.046578905,0.07348698,0.105992567,0.139760458,0.168475645,0.185666635,0.187057262,0.172289698,0.145073529,0.111676385,0.078592141,0.050564067,0.029740675,0.015992159,0.007861646,0.003533254,0.001451778,0.000545391,0.000187342,5.89E-05,1.69E-05,4.45E-06,1.08E-06,2.43E-07,5.24E-08,1.20E-08,3.61E-09,1.61E-09,9.33E-10,5.94E-10,3.85E-10,2.47E-10,1.55E-10,9.54E-11,5.68E-11,3.28E-11,1.83E-11,9.83E-12,5.11E-12,2.56E-12,1.23E-12,5.74E-13,2.57E-13,1.11E-13,4.61E-14,1.84E-14,7.11E-15,2.64E-15,9.44E-16,3.25E-16
4.27E-49,5.90E-48,7.86E-47,1.01E-45,1.24E-44,1.48E-43,1.69E-42,1.86E-41,1.98E-40,2.02E-39,1.99E-38,1.90E-37,1.76E-36,1.71E-35,2.13E-34,4.40E-33,1.31E-31,4.14E-30,1.25E-28,3.46E-27,8.79E-26,2.05E-24,4.35E-23,8.46E-22,1.50E-20,2.44E-19,3.63E-18,4.93E-17,6.12E-16,6.95E-15,7.21E-14,6.84E-13,5.93E-12,4.71E-11,3.41E-10,2.26E-09,1.37E-08,7.59E-08,3.84E-07,1.78E-06,7.52E-06,2.91E-05,0.00010296,0.00033292,0.000984133,0.002659572,0.006570727,0.01484086,0.03064422,0.057847149,0.099829577,0.157499943,0.227167129,0.299539792,0.361083425,0.397928144,0.400909149,0.369259529,0.310929737,0.239352648,0.168445994,0.108375565,0.063746052,0.03427927,0.016852919,0.0075753,0.003113399,0.001170134,0.000402266,0.000126564,3.65E-05,9.67E-06,2.38E-06,5.55E-07,1.31E-07,3.66E-08,1.41E-08,7.28E-09,4.38E-09,2.78E-09,1.78E-09,1.13E-09,7.06E-10,4.31E-10,2.56E-10,1.47E-10,8.19E-11,4.41E-11,2.29E-11,1.14E-11,5.52E-12,2.57E-12,1.15E-12,4.96E-13,2.06E-13,8.25E-14,3.18E-14,1.18E-14,4.22E-15,1.45E-15
1.82E-48,2.51E-47,3.34E-46,4.28E-45,5.28E-44,6.28E-43,7.18E-42,7.92E-41,8.41E-40,8.59E-39,8.46E-38,8.04E-37,7.40E-36,6.83E-35,7.14E-34,1.12E-32,2.81E-31,8.45E-30,2.51E-28,6.95E-27,1.77E-25,4.11E-24,8.73E-23,1.70E-21,3.02E-20,4.91E-19,7.29E-18,9.90E-17,1.23E-15,1.40E-14,1.45E-13,1.37E-12,1.19E-11,9.45E-11,6.85E-10,4.54E-09,2.75E-08,1.52E-07,7.71E-07,3.57E-06,1.51E-05,5.84E-05,0.000206726,0.000668443,0.001975961,0.005339939,0.013192833,0.029797766,0.061528061,0.116146645,0.200439835,0.316231672,0.456111177,0.601423212,0.724993218,0.798973296,0.804962419,0.741420741,0.624310895,0.480602776,0.338239525,0.217631166,0.128022547,0.068855308,0.033861256,0.015227694,0.006263563,0.002357399,0.000812447,0.000256788,7.47E-05,2.01E-05,5.14E-06,1.30E-06,3.63E-07,1.27E-07,5.88E-08,3.26E-08,1.98E-08,1.24E-08,7.82E-09,4.92E-09,3.05E-09,1.85E-09,1.10E-09,6.29E-10,3.49E-10,1.88E-10,9.73E-11,4.87E-11,2.35E-11,1.09E-11,4.89E-12,2.11E-12,8.76E-13,3.51E-13,1.35E-13,5.02E-14,1.79E-14,6.17E-15
7.33E-48,1.01E-46,1.35E-45,1.73E-44,2.13E-43,2.53E-42,2.90E-41,3.20E-40,3.39E-39,3.47E-38,3.42E-37,3.24E-36,2.97E-35,2.67E-34,2.52E-33,3.06E-32,6.03E-31,1.65E-29,4.76E-28,1.31E-26,3.32E-25,7.73E-24,1.64E-22,3.19E-21,5.68E-20,9.23E-19,1.37E-17,1.86E-16,2.31E-15,2.62E-14,2.72E-13,2.58E-12,2.24E-11,1.78E-10,1.29E-09,8.54E-09,5.17E-08,2.86E-07,1.45E-06,6.71E-06,2.84E-05,0.000109938,0.000388842,0.001257314,0.003716702,0.010044206,0.024815179,0.056048388,0.115731814,0.218467266,0.377019692,0.594820399,0.857930341,1.131261153,1.363700281,1.502868858,1.514156697,1.394667253,1.174422946,0.904147758,0.636394759,0.409548189,0.24099406,0.129683254,0.063830492,0.028747148,0.011853756,0.004480242,0.001555405,0.000498036,0.000148318,4.18E-05,1.16E-05,3.40E-06,1.16E-06,4.92E-07,2.50E-07,1.42E-07,8.49E-08,5.24E-08,3.27E-08,2.04E-08,1.25E-08,7.56E-09,4.46E-09,2.55E-09,1.42E-09,7.59E-10,3.93E-10,1.97E-10,9.48E-11,4.41E-11,1.97E-11,8.51E-12,3.54E-12,1.42E-12,5.46E-13,2.03E-13,7.24E-14,2.49E-14
2.81E-47,3.88E-46,5.17E-45,6.63E-44,8.18E-43,9.72E-42,1.11E-40,1.23E-39,1.30E-38,1.33E-37,1.31E-36,1.24E-35,1.14E-34,1.01E-33,9.00E-33,9.12E-32,1.36E-30,3.12E-29,8.56E-28,2.32E-26,5.86E-25,1.36E-23,2.90E-22,5.63E-21,1.00E-19,1.63E-18,2.42E-17,3.28E-16,4.07E-15,4.62E-14,4.80E-13,4.55E-12,3.95E-11,3.13E-10,2.27E-09,1.50E-08,9.11E-08,5.05E-07,2.56E-06,1.18E-05,5.01E-05,0.000193723,0.000685185,0.002215531,0.006549253,0.017699042,0.043727199,0.098763744,0.203932992,0.384965334,0.664354911,1.048149957,1.511791931,1.993457276,2.403088555,2.648398047,2.668405856,2.458007097,2.070090922,1.594011207,1.122336857,0.722673122,0.425639743,0.22939413,0.113195153,0.051194987,0.021259201,0.008130395,0.002879091,0.000953154,0.000300202,9.28E-05,2.96E-05,1.04E-05,4.20E-06,1.97E-06,1.04E-06,5.85E-07,3.46E-07,2.11E-07,1.30E-07,8.00E-08,4.89E-08,2.94E-08,1.72E-08,9.84E-09,5.45E-09,2.92E-09,1.51E-09,7.55E-10,3.64E-10,1.69E-10,7.57E-11,3.27E-11,1.36E-11,5.43E-12,2.09E-12,7.77E-13,2.78E-13,9.56E-14
1.02E-46,1.42E-45,1.88E-44,2.41E-43,2.98E-42,3.54E-41,4.05E-40,4.47E-39,4.74E-38,4.85E-37,4.77E-36,4.53E-35,4.14E-34,3.65E-33,3.17E-32,2.88E-31,3.32E-30,5.97E-29,1.47E-27,3.87E-26,9.71E-25,2.25E-23,4.78E-22,9.29E-21,1.65E-19,2.68E-18,3.99E-17,5.42E-16,6.73E-15,7.63E-14,7.92E-13,7.52E-12,6.52E-11,5.17E-10,3.75E-09,2.48E-08,1.50E-07,8.33E-07,4.22E-06,1.95E-05,8.27E-05,0.000319794,0.001131088,0.00365735,0.01081137,0.029217219,0.072184023,0.16303749,0.336649736,0.635497488,1.09671746,1.730302517,2.495728599,3.290966756,3.967391908,4.372702266,4.406266396,4.059653337,3.420108307,2.635008724,1.857002649,1.197544564,0.707106266,0.382674235,0.190128139,0.086960111,0.036777446,0.014485897,0.005374435,0.001910954,0.000667547,0.000236626,8.82E-05,3.57E-05,1.59E-05,7.74E-06,4.09E-06,2.29E-06,1.34E-06,8.02E-07,4.88E-07,2.99E-07,1.81E-07,1.08E-07,6.33E-08,3.60E-08,1.99E-08,1.07E-08,5.51E-09,2.75E-09,1.33E-09,6.16E-10,2.76E-10,1.19E-10,4.94E-11,1.98E-11,7.63E-12,2.83E-12,1.01E-12,3.48E-13
3.55E-46,4.90E-45,6.52E-44,8.36E-43,1.03E-41,1.23E-40,1.40E-39,1.55E-38,1.64E-37,1.68E-36,1.65E-35,1.57E-34,1.43E-33,1.26E-32,1.08E-31,9.26E-31,8.90E-30,1.21E-28,2.48E-27,6.13E-26,1.51E-24,3.49E-23,7.40E-22,1.44E-20,2.55E-19,4.15E-18,6.17E-17,8.38E-16,1.04E-14,1.18E-13,1.23E-12,1.16E-11,1.01E-10,7.99E-10,5.80E-09,3.84E-08,2.33E-07,1.29E-06,6.53E-06,3.02E-05,0.00012783,0.000494554,0.001749202,0.005656013,0.01671956,0.045183872,0.111631417,0.252135584,0.520627543,0.982802808,1.696107967,2.676031013,3.859968989,5.090248549,6.137183483,6.76542161,6.819470038,6.286274589,5.300505537,4.089574277,2.888896618,1.870247282,1.111381897,0.607753854,0.307072634,0.144246235,0.063579746,0.026634419,0.010777407,0.004289376,0.001708889,0.000692126,0.000289011,0.000126201,5.84E-05,2.88E-05,1.51E-05,8.40E-06,4.85E-06,2.88E-06,1.74E-06,1.06E-06,6.37E-07,3.79E-07,2.21E-07,1.25E-07,6.92E-08,3.70E-08,1.91E-08,9.54E-09,4.60E-09,2.13E-09,9.55E-10,4.12E-10,1.71E-10,6.85E-11,2.64E-11,9.80E-12,3.50E-12,1.21E-12
1.17E-45,1.61E-44,2.15E-43,2.75E-42,3.39E-41,4.03E-40,4.62E-39,5.09E-38,5.40E-37,5.52E-36,5.44E-35,5.15E-34,4.71E-33,4.14E-32,3.52E-31,2.94E-30,2.55E-29,2.70E-28,4.29E-27,9.37E-26,2.22E-24,5.07E-23,1.07E-21,2.08E-20,3.70E-19,6.01E-18,8.94E-17,1.21E-15,1.51E-14,1.71E-13,1.78E-12,1.68E-11,1.46E-10,1.16E-09,8.40E-09,5.56E-08,3.37E-07,1.87E-06,9.45E-06,4.38E-05,0.000185195,0.000716493,0.002534188,0.008194258,0.024222821,0.065461275,0.161729533,0.365292037,0.754290284,1.423923551,2.457472814,3.877496483,5.593530553,7.377535583,8.897306805,9.812500726,9.898304131,9.135748764,7.719056195,5.975926062,4.245141671,2.773509143,1.672636038,0.936334632,0.490515138,0.243135064,0.115555829,0.053379845,0.024227573,0.010870477,0.004834331,0.002138303,0.000949068,0.000429408,0.000201837,1.00E-04,5.24E-05,2.89E-05,1.66E-05,9.79E-06,5.87E-06,3.54E-06,2.12E-06,1.26E-06,7.31E-07,4.14E-07,2.28E-07,1.22E-07,6.30E-08,3.14E-08,1.51E-08,7.02E-09,3.14E-09,1.36E-09,5.63E-10,2.25E-10,8.69E-11,3.22E-11,1.15E-11,3.97E-12
3.65E-45,5.04E-44,6.70E-43,8.59E-42,1.06E-40,1.26E-39,1.44E-38,1.59E-37,1.69E-36,1.73E-35,1.70E-34,1.61E-33,1.47E-32,1.29E-31,1.10E-30,9.04E-30,7.42E-29,6.67E-28,8.01E-27,1.43E-25,3.12E-24,6.95E-23,1.46E-21,2.83E-20,5.03E-19,8.16E-18,1.21E-16,1.65E-15,2.05E-14,2.32E-13,2.41E-12,2.29E-11,1.98E-10,1.57E-09,1.14E-08,7.55E-08,4.58E-07,2.53E-06,1.28E-05,5.94E-05,0.000251353,0.000972447,0.003439484,0.011121543,0.032876203,0.088847239,0.219509376,0.49580522,1.023814776,1.932812221,3.335995299,5.264348271,7.595804383,10.02206331,12.09395212,13.35146593,13.49088939,12.48630798,10.59861861,8.267177477,5.944812971,3.960203619,2.461633121,1.441922351,0.805614993,0.434707583,0.228746935,0.117858001,0.059353047,0.029086839,0.013840163,0.006420036,0.002939941,0.001356174,0.000644687,0.000321285,0.000168815,9.31E-05,5.33E-05,3.13E-05,1.87E-05,1.12E-05,6.71E-06,3.96E-06,2.30E-06,1.30E-06,7.15E-07,3.82E-07,1.97E-07,9.82E-08,4.73E-08,2.20E-08,9.82E-09,4.24E-09,1.76E-09,7.04E-10,2.71E-10,1.01E-10,3.60E-11,1.24E-11
1.08E-44,1.50E-43,1.99E-42,2.55E-41,3.15E-40,3.74E-39,4.28E-38,4.72E-37,5.01E-36,5.12E-35,5.04E-34,4.78E-33,4.37E-32,3.84E-31,3.25E-30,2.67E-29,2.13E-28,1.75E-27,1.68E-26,2.27E-25,4.28E-24,9.04E-23,1.87E-21,3.61E-20,6.39E-19,1.04E-17,1.54E-16,2.09E-15,2.60E-14,2.95E-13,3.06E-12,2.91E-11,2.52E-10,2.00E-09,1.45E-08,9.60E-08,5.82E-07,3.22E-06,1.63E-05,7.55E-05,0.00031959,0.001236449,0.004373253,0.014140939,0.041802099,0.112970681,0.279115454,0.630459192,1.301944754,2.458120673,4.243360938,6.698044966,9.66887824,12.76708007,15.42610118,17.06619353,17.30495986,16.10900035,13.80280528,10.93054438,8.049308959,5.560157834,3.643066253,2.292139269,1.399624598,0.833977857,0.484268401,0.272247674,0.147031862,0.075908573,0.037495622,0.017870715,0.008355282,0.003921002,0.001891559,0.000954079,0.000505673,0.000280194,0.000160734,9.45E-05,5.63E-05,3.37E-05,2.01E-05,1.18E-05,6.85E-06,3.87E-06,2.13E-06,1.13E-06,5.85E-07,2.92E-07,1.40E-07,6.52E-08,2.92E-08,1.26E-08,5.22E-09,2.09E-09,8.06E-10,2.99E-10,1.07E-10,3.68E-11
3.05E-44,4.22E-43,5.61E-42,7.19E-41,8.88E-40,1.06E-38,1.21E-37,1.33E-36,1.41E-35,1.44E-34,1.42E-33,1.35E-32,1.23E-31,1.08E-30,9.17E-30,7.50E-29,5.94E-28,4.65E-27,3.87E-26,4.02E-25,5.99E-24,1.14E-22,2.26E-21,4.32E-20,7.63E-19,1.24E-17,1.84E-16,2.49E-15,3.10E-14,3.52E-13,3.65E-12,3.46E-11,3.00E-10,2.38E-09,1.73E-08,1.14E-07,6.93E-07,3.84E-06,1.94E-05,9.00E-05,0.000380679,0.001472801,0.005209245,0.01684427,0.04979416,0.134572615,0.332500715,0.751095897,1.551246121,2.929372885,5.058489959,7.988996702,11.54276565,15.2642225,18.48919478,20.53913122,20.96736382,19.73307985,17.2059233,14.00032016,10.73623574,7.85199097,5.541867515,3.806273035,2.548549808,1.655134762,1.033116494,0.614106618,0.345529878,0.183837327,0.092967531,0.045233476,0.021585149,0.010347376,0.005098898,0.002621202,0.001410043,0.000789189,0.000455352,0.000268304,0.000160003,9.57E-05,5.70E-05,3.36E-05,1.94E-05,1.09E-05,6.01E-06,3.20E-06,1.65E-06,8.24E-07,3.96E-07,1.84E-07,8.23E-08,3.55E-08,1.47E-08,5.90E-09,2.27E-09,8.44E-10,3.02E-10,1.04E-10
8.18E-44,1.13E-42,1.50E-41,1.93E-40,2.38E-39,2.83E-38,3.24E-37,3.57E-36,3.79E-35,3.87E-34,3.81E-33,3.61E-32,3.30E-31,2.90E-30,2.46E-29,2.01E-28,1.58E-27,1.21E-26,9.38E-26,8.05E-25,9.10E-24,1.43E-22,2.63E-21,4.88E-20,8.55E-19,1.38E-17,2.05E-16,2.78E-15,3.46E-14,3.92E-13,4.07E-12,3.86E-11,3.35E-10,2.66E-09,1.93E-08,1.28E-07,7.73E-07,4.28E-06,2.17E-05,0.000100379,0.0004248,0.001643511,0.005813095,0.01879715,0.055568673,0.150185484,0.371104827,0.838405432,1.731931727,3.271729992,5.652999447,8.93668383,12.93313705,17.14933591,20.86590919,23.35018597,24.12176711,23.13309114,20.76235393,17.62646998,14.32838143,11.27678013,8.647209659,6.454848022,4.656007791,3.211588025,2.097821629,1.289188034,0.743763034,0.404005121,0.208403775,0.103620454,0.05069999,0.024994995,0.012673106,0.006683218,0.003667913,0.002082004,0.001212158,0.000717983,0.000429309,0.000257163,0.000153181,9.01E-05,5.20E-05,2.94E-05,1.61E-05,8.59E-06,4.43E-06,2.21E-06,1.06E-06,4.93E-07,2.21E-07,9.51E-08,3.95E-08,1.58E-08,6.09E-09,2.26E-09,8.08E-10,2.78E-10
2.08E-43,2.88E-42,3.83E-41,4.91E-40,6.06E-39,7.20E-38,8.24E-37,9.08E-36,9.64E-35,9.86E-34,9.70E-33,9.20E-32,8.40E-31,7.39E-30,6.26E-29,5.10E-28,4.02E-27,3.06E-26,2.28E-25,1.76E-24,1.57E-23,1.90E-22,3.00E-21,5.26E-20,9.03E-19,1.45E-17,2.15E-16,2.91E-15,3.62E-14,4.10E-13,4.26E-12,4.04E-11,3.50E-10,2.78E-09,2.01E-08,1.33E-07,8.08E-07,4.48E-06,2.27E-05,0.000104937,0.000444094,0.001718173,0.00607728,0.019651979,0.058098498,0.157035165,0.388080749,0.876947549,1.812203458,3.42542743,5.924495739,9.381511221,13.6144795,18.13532594,22.23078077,25.17857341,26.50868591,26.16803524,24.49135653,22.00173595,19.17163588,16.28504786,13.45133856,10.71132854,8.132153559,5.827824626,3.91537652,2.458975934,1.445595453,0.800325674,0.421991331,0.215503974,0.10887708,0.055618984,0.029208759,0.015881503,0.008925677,0.005153224,0.003034858,0.001810943,0.001087744,0.000653268,0.000389658,0.000229376,0.000132508,7.48E-05,4.11E-05,2.19E-05,1.13E-05,5.62E-06,2.70E-06,1.25E-06,5.61E-07,2.42E-07,1.01E-07,4.02E-08,1.55E-08,5.76E-09,2.06E-09,7.08E-10
5.04E-43,6.96E-42,9.26E-41,1.19E-39,1.47E-38,1.74E-37,1.99E-36,2.20E-35,2.33E-34,2.38E-33,2.35E-32,2.23E-31,2.03E-30,1.79E-29,1.51E-28,1.23E-27,9.70E-27,7.36E-26,5.42E-25,3.96E-24,3.05E-23,2.85E-22,3.57E-21,5.53E-20,9.07E-19,1.43E-17,2.11E-16,2.86E-15,3.54E-14,4.02E-13,4.17E-12,3.96E-11,3.43E-10,2.72E-09,1.97E-08,1.31E-07,7.92E-07,4.38E-06,2.22E-05,0.000102775,0.000434948,0.001682817,0.005952397,0.019249062,0.056911764,0.153847212,0.380282556,0.859625667,1.777435072,3.36293216,5.825666454,9.24933106,13.48097696,18.08505328,22.4231824,25.85582271,27.97285338,28.71765337,28.32494693,27.11912362,25.31872333,22.97927104,20.09098426,16.72942123,13.13186019,9.647649103,6.610710786,4.225970455,2.530964281,1.432353293,0.776306789,0.410228146,0.215712645,0.114971807,0.062842354,0.035336807,0.020379282,0.011988645,0.007154272,0.004308074,0.0026035,0.001569821,0.000938716,0.000553444,0.000320021,0.000180676,9.92E-05,5.29E-05,2.73E-05,1.36E-05,6.54E-06,3.03E-06,1.36E-06,5.85E-07,2.43E-07,9.73E-08,3.75E-08,1.39E-08,4.98E-09,1.71E-09
1.16E-42,1.60E-41,2.13E-40,2.73E-39,3.37E-38,4.00E-37,4.58E-36,5.05E-35,5.36E-34,5.48E-33,5.39E-32,5.11E-31,4.67E-30,4.11E-29,3.48E-28,2.84E-27,2.23E-26,1.69E-25,1.24E-24,8.81E-24,6.31E-23,4.90E-22,4.72E-21,5.96E-20,8.85E-19,1.35E-17,1.95E-16,2.63E-15,3.26E-14,3.69E-13,3.83E-12,3.63E-11,3.15E-10,2.50E-09,1.81E-08,1.20E-07,7.26E-07,4.02E-06,2.04E-05,9.43E-05,0.000399107,0.001544192,0.005462311,0.017665537,0.052236274,0.141236061,0.349222602,0.789831967,1.634542877,3.097006495,5.377653788,8.571101769,12.57137903,17.03642359,21.4620402,25.35342364,28.40279999,30.55327001,31.89637266,32.47798074,32.1698206,30.7208097,27.95962719,23.99671276,19.27404605,14.42790069,10.05951206,6.551646902,4.012372695,2.335538632,1.311468468,0.723202417,0.398698955,0.222782123,0.127030565,0.073934459,0.043778329,0.026262616,0.015898693,0.009673759,0.00588965,0.003569673,0.00214214,0.001265958,0.00073318,0.000414369,0.000227743,0.000121394,6.26E-05,3.12E-05,1.50E-05,6.97E-06,3.12E-06,1.35E-06,5.59E-07,2.24E-07,8.62E-08,3.20E-08,1.14E-08,3.94E-09
2.53E-42,3.49E-41,4.65E-40,5.96E-39,7.35E-38,8.74E-37,1.00E-35,1.10E-34,1.17E-33,1.20E-32,1.18E-31,1.12E-30,1.02E-29,8.96E-29,7.59E-28,6.19E-27,4.86E-26,3.68E-25,2.69E-24,1.90E-23,1.32E-22,9.26E-22,7.24E-21,7.07E-20,8.76E-19,1.22E-17,1.72E-16,2.28E-15,2.81E-14,3.18E-13,3.29E-12,3.12E-11,2.71E-10,2.15E-09,1.56E-08,1.03E-07,6.25E-07,3.46E-06,1.75E-05,8.11E-05,0.000343135,0.001327687,0.004696803,0.015191577,0.044929115,0.121514555,0.300600039,0.680379288,1.40976993,2.676494346,4.662696831,7.471060554,11.05142553,15.17809497,19.51432534,23.74403691,27.68494774,31.28499138,34.48076222,37.01894606,38.40362927,38.06010522,35.6406774,31.27473552,25.59165368,19.49985375,13.86091737,9.239019326,5.825203216,3.517030746,2.064420702,1.197105638,0.695260675,0.407948842,0.242540833,0.145961963,0.088687281,0.054263226,0.033347082,0.020522498,0.012600886,0.007684611,0.00463189,0.002745846,0.001593677,0.000902018,0.000496254,0.000264695,0.000136611,6.81E-05,3.28E-05,1.52E-05,6.81E-06,2.94E-06,1.22E-06,4.88E-07,1.88E-07,6.98E-08,2.50E-08,8.59E-09
5.24E-42,7.24E-41,9.64E-40,1.24E-38,1.52E-37,1.81E-36,2.07E-35,2.29E-34,2.43E-33,2.48E-32,2.44E-31,2.32E-30,2.11E-29,1.86E-28,1.57E-27,1.28E-26,1.01E-25,7.63E-25,5.57E-24,3.92E-23,2.68E-22,1.80E-21,1.25E-20,9.75E-20,9.45E-19,1.12E-17,1.46E-16,1.88E-15,2.29E-14,2.57E-13,2.66E-12,2.52E-11,2.18E-10,1.73E-09,1.25E-08,8.31E-08,5.03E-07,2.79E-06,1.41E-05,6.53E-05,0.000276458,0.001069769,0.00378482,0.012243957,0.03622137,0.098005237,0.242604497,0.549690426,1.14089149,2.171847731,3.799862571,6.130334235,9.165995717,12.796676,16.85222694,21.19267464,25.75916602,30.51145789,35.25859517,39.50107715,42.44406764,43.24829353,41.40992938,37.04332306,30.88612797,24.02412135,17.50227282,12.02786809,7.876566344,4.97775607,3.077811077,1.885389735,1.154603206,0.710093894,0.438991261,0.272565097,0.16974874,0.105908036,0.066097514,0.04117238,0.025515944,0.015669924,0.009493713,0.005648908,0.003287229,0.001863975,0.001026774,0.000548134,0.000283056,0.000141201,6.80E-05,3.16E-05,1.41E-05,6.09E-06,2.53E-06,1.01E-06,3.90E-07,1.45E-07,5.18E-08,1.78E-08
1.03E-41,1.43E-40,1.90E-39,2.43E-38,3.00E-37,3.57E-36,4.09E-35,4.50E-34,4.78E-33,4.89E-32,4.81E-31,4.56E-30,4.17E-29,3.66E-28,3.10E-27,2.53E-26,1.99E-25,1.50E-24,1.10E-23,7.70E-23,5.23E-22,3.46E-21,2.26E-20,1.54E-19,1.19E-18,1.12E-17,1.25E-16,1.50E-15,1.77E-14,1.97E-13,2.02E-12,1.91E-11,1.65E-10,1.31E-09,9.47E-09,6.27E-08,3.80E-07,2.10E-06,1.07E-05,4.93E-05,0.000208792,0.000808018,0.002859251,0.009252223,0.02738209,0.074134343,0.183686875,0.416799282,0.867022024,1.656303013,2.913789788,4.740916963,7.180746693,10.21756542,13.8178161,17.98404621,22.75760909,28.11796183,33.80397609,39.17881646,43.28446705,45.1327308,44.11059614,40.27201132,34.34121241,27.43056314,20.64166697,14.75571518,10.12504832,6.745280668,4.409923506,2.853266297,1.836497591,1.178650727,0.754742566,0.482233679,0.30743909,0.195530968,0.123957301,0.078191658,0.048940532,0.03028514,0.018453503,0.011026221,0.006435756,0.003657054,0.002017457,0.001078077,0.000557092,0.000278025,0.000133882,6.22E-05,2.78E-05,1.20E-05,4.98E-06,1.99E-06,7.69E-07,2.85E-07,1.02E-07,3.51E-08
1.93E-41,2.67E-40,3.56E-39,4.56E-38,5.62E-37,6.68E-36,7.65E-35,8.43E-34,8.95E-33,9.15E-32,9.01E-31,8.54E-30,7.80E-29,6.86E-28,5.81E-27,4.74E-26,3.72E-25,2.81E-24,2.05E-23,1.44E-22,9.76E-22,6.40E-21,4.09E-20,2.60E-19,1.73E-18,1.30E-17,1.17E-16,1.22E-15,1.34E-14,1.44E-13,1.45E-12,1.36E-11,1.17E-10,9.29E-10,6.72E-09,4.45E-08,2.69E-07,1.49E-06,7.55E-06,3.49E-05,0.000147902,0.000572474,0.002026333,0.006559829,0.01942632,0.052644227,0.130620105,0.296996913,0.619718807,1.189393066,2.107139607,3.464634718,5.328858928,7.747916549,10.78097087,14.52534751,19.09000931,24.48102485,30.43213815,36.29116782,41.08662178,43.80807433,43.78685909,40.97357639,35.956569,29.72092235,23.29338994,17.45431223,12.61947474,8.881128895,6.128576372,4.1683669,2.803237118,1.867385005,1.233761014,0.809329662,0.52760412,0.341939874,0.220215532,0.140716047,0.088989221,0.055513017,0.034033053,0.02042768,0.01196245,0.006813423,0.00376481,0.002014049,0.001041525,0.000520043,0.000250505,0.000116344,5.21E-05,2.25E-05,9.33E-06,3.73E-06,1.44E-06,5.34E-07,1.91E-07,6.58E-08
3.44E-41,4.75E-40,6.32E-39,8.10E-38,1.00E-36,1.19E-35,1.36E-34,1.50E-33,1.59E-32,1.63E-31,1.60E-30,1.52E-29,1.39E-28,1.22E-27,1.03E-26,8.42E-26,6.62E-25,5.00E-24,3.65E-23,2.56E-22,1.73E-21,1.13E-20,7.16E-20,4.43E-19,2.73E-18,1.76E-17,1.27E-16,1.08E-15,1.03E-14,1.03E-13,1.00E-12,9.24E-12,7.90E-11,6.21E-10,4.48E-09,2.96E-08,1.79E-07,9.92E-07,5.02E-06,2.32E-05,9.84E-05,0.000380903,0.001348892,0.004369926,0.012954776,0.035159736,0.087426444,0.199403827,0.417953326,0.807407593,1.444001752,2.406631576,3.772007511,5.623465167,8.071861821,11.26556693,15.35171457,20.36703153,26.0900501,31.94539931,37.05918624,40.49211569,41.56109145,40.08717046,36.44091814,31.3748083,25.74803992,20.28379396,15.44612821,11.43961693,8.27994933,5.877914451,4.103550205,2.823545169,1.918656982,1.2898671,0.859065037,0.5671649,0.371057301,0.240220008,0.153528565,0.096572759,0.059583181,0.035933852,0.021115763,0.01205651,0.006673373,0.003574231,0.001849801,0.000924105,0.000445293,0.000206856,9.26E-05,3.99E-05,1.66E-05,6.64E-06,2.56E-06,9.50E-07,3.40E-07,1.17E-07
5.81E-41,8.03E-40,1.07E-38,1.37E-37,1.69E-36,2.01E-35,2.30E-34,2.53E-33,2.69E-32,2.75E-31,2.71E-30,2.57E-29,2.34E-28,2.06E-27,1.75E-26,1.42E-25,1.12E-24,8.46E-24,6.16E-23,4.33E-22,2.93E-21,1.91E-20,1.20E-19,7.34E-19,4.39E-18,2.62E-17,1.63E-16,1.12E-15,8.76E-15,7.60E-14,6.86E-13,6.06E-12,5.07E-11,3.94E-10,2.83E-09,1.86E-08,1.12E-07,6.21E-07,3.14E-06,1.45E-05,6.16E-05,0.00023856,0.000845505,0.002742579,0.008145223,0.022163083,0.055307468,0.126780785,0.267610252,0.52209127,0.946602744,1.607383606,2.582046124,3.969300773,5.90317745,8.553572957,12.08623363,16.56867423,21.84775542,27.46716008,32.69974583,36.71897745,38.8498053,38.78224404,36.64661841,32.9281291,28.28218577,23.34570524,18.6136742,14.39782842,10.84472401,7.979670267,5.752328066,4.073379743,2.840414685,1.954429161,1.328911516,0.893449266,0.593707796,0.389406975,0.251529911,0.159549838,0.099075149,0.06003992,0.035405655,0.020266484,0.011237348,0.006025907,0.003121154,0.001560065,0.000751999,0.000349411,0.000156444,6.75E-05,2.80E-05,1.12E-05,4.33E-06,1.61E-06,5.74E-07,1.98E-07
9.33E-41,1.29E-39,1.72E-38,2.20E-37,2.71E-36,3.22E-35,3.69E-34,4.07E-33,4.32E-32,4.42E-31,4.35E-30,4.12E-29,3.76E-28,3.31E-27,2.80E-26,2.28E-25,1.79E-24,1.36E-23,9.89E-23,6.94E-22,4.69E-21,3.06E-20,1.92E-19,1.17E-18,6.89E-18,3.98E-17,2.29E-16,1.37E-15,8.82E-15,6.33E-14,4.95E-13,4.01E-12,3.19E-11,2.42E-10,1.71E-09,1.11E-08,6.69E-08,3.69E-07,1.86E-06,8.61E-06,3.64E-05,0.000141257,0.00050134,0.001629769,0.004855653,0.013271017,0.033321262,0.077027368,0.164468465,0.325897473,0.603258938,1.052237248,1.74738221,2.791810324,4.327020289,6.528974801,9.571721523,13.54992335,18.37900153,23.72156071,28.99566709,33.48879496,36.54434913,37.74329337,37.00393322,34.5676128,30.8944846,26.52579637,21.96533555,17.60687883,13.70853667,10.40092936,7.713690419,5.607961298,4.006794469,2.819103569,1.955751167,1.338435595,0.903123745,0.60000449,0.391638789,0.250490262,0.156540916,0.095318332,0.056405648,0.032367412,0.017978237,0.009652095,0.005003351,0.002502174,0.001206537,0.000560731,0.000251094,0.000108319,4.50E-05,1.80E-05,6.94E-06,2.58E-06,9.21E-07,3.17E-07
1.42E-40,1.97E-39,2.62E-38,3.35E-37,4.14E-36,4.92E-35,5.63E-34,6.21E-33,6.59E-32,6.73E-31,6.63E-30,6.29E-29,5.74E-28,5.05E-27,4.27E-26,3.48E-25,2.74E-24,2.07E-23,1.51E-22,1.06E-21,7.16E-21,4.66E-20,2.93E-19,1.78E-18,1.04E-17,5.92E-17,3.30E-16,1.83E-15,1.04E-14,6.27E-14,4.10E-13,2.87E-12,2.07E-11,1.48E-10,1.01E-09,6.45E-09,3.83E-08,2.09E-07,1.05E-06,4.86E-06,2.06E-05,7.97E-05,0.000283607,0.000925374,0.002772029,0.007633966,0.01936706,0.045397661,0.098740465,0.20042723,0.382525549,0.692560858,1.200522849,2.008262992,3.256742779,5.120534979,7.776339957,11.33960523,15.7821159,20.86470139,26.12658368,30.95497924,34.72117495,36.93454197,37.35626907,36.03524737,33.26459127,29.48688929,25.18667938,20.80137399,16.66650858,12.99667951,9.894191929,7.373765759,5.392351833,3.876308272,2.742015748,1.909124686,1.307485417,0.879539497,0.579952876,0.373922116,0.235122446,0.143827989,0.085398139,0.049121679,0.027329857,0.014689527,0.007620444,0.003812912,0.001839174,0.000854925,0.000382885,0.000165186,6.86E-05,2.75E-05,1.06E-05,3.93E-06,1.41E-06,4.84E-07
2.06E-40,2.85E-39,3.79E-38,4.86E-37,6.00E-36,7.13E-35,8.16E-34,8.99E-33,9.54E-32,9.76E-31,9.61E-30,9.11E-29,8.32E-28,7.31E-27,6.19E-26,5.05E-25,3.97E-24,3.00E-23,2.18E-22,1.53E-21,1.04E-20,6.75E-20,4.24E-19,2.57E-18,1.50E-17,8.48E-17,4.66E-16,2.50E-15,1.33E-14,7.20E-14,4.04E-13,2.40E-12,1.50E-11,9.64E-11,6.13E-10,3.75E-09,2.16E-08,1.16E-07,5.79E-07,2.66E-06,1.12E-05,4.35E-05,0.000155382,0.000509946,0.001540986,0.004295844,0.011078528,0.026532436,0.059313994,0.124567836,0.247595984,0.469345417,0.854154183,1.498741907,2.538158671,4.140367044,6.479684928,9.684617524,13.76873188,18.56879732,23.72192231,28.70430285,32.92974744,35.87875468,37.21425243,36.84614379,34.92892725,31.80211544,27.90007452,23.66134551,19.45986591,15.56789569,12.14885606,9.271267301,6.933136346,5.087996611,3.667154211,2.595854534,1.803291566,1.227586751,0.81730098,0.530973412,0.335825868,0.206323438,0.122892364,0.070847582,0.039479226,0.021242391,0.011027766,0.005520389,0.002663603,0.001238397,0.000554694,0.000239327,9.95E-05,3.98E-05,1.53E-05,5.70E-06,2.04E-06,7.01E-07
2.84E-40,3.92E-39,5.22E-38,6.69E-37,8.25E-36,9.81E-35,1.12E-33,1.24E-32,1.31E-31,1.34E-30,1.32E-29,1.25E-28,1.14E-27,1.01E-26,8.52E-26,6.95E-25,5.46E-24,4.13E-23,3.01E-22,2.11E-21,1.43E-20,9.29E-20,5.83E-19,3.53E-18,2.06E-17,1.16E-16,6.32E-16,3.35E-15,1.73E-14,8.86E-14,4.54E-13,2.38E-12,1.29E-11,7.21E-11,4.11E-10,2.32E-09,1.27E-08,6.58E-08,3.20E-07,1.45E-06,6.09E-06,2.36E-05,8.45E-05,0.000279559,0.000855385,0.002426604,0.006403724,0.015789271,0.036567715,0.080025015,0.166472636,0.330891739,0.63060248,1.153690298,2.024379005,3.398683005,5.442778378,8.290357108,11.98462686,16.42234905,21.32446914,26.25394531,30.68538172,34.10976753,36.14196724,36.59689089,35.51299452,33.12186243,29.78032082,25.88990443,21.8263275,17.89254721,14.29849684,11.1628082,8.528370627,6.383667558,4.68384883,3.368008981,2.371341491,1.632410299,1.096656452,0.717507002,0.456250594,0.281431666,0.168115529,0.097118306,0.054195832,0.029189367,0.015163282,0.007593867,0.003665088,0.001704326,0.000763476,0.000329431,0.000136907,5.48E-05,2.11E-05,7.84E-06,2.80E-06,9.65E-07
3.71E-40,5.13E-39,6.83E-38,8.75E-37,1.08E-35,1.28E-34,1.47E-33,1.62E-32,1.72E-31,1.76E-30,1.73E-29,1.64E-28,1.50E-27,1.32E-26,1.11E-25,9.09E-25,7.14E-24,5.40E-23,3.93E-22,2.76E-21,1.86E-20,1.21E-19,7.61E-19,4.60E-18,2.68E-17,1.51E-16,8.20E-16,4.31E-15,2.20E-14,1.10E-13,5.37E-13,2.62E-12,1.28E-11,6.38E-11,3.22E-10,1.64E-09,8.24E-09,4.02E-08,1.88E-07,8.28E-07,3.42E-06,1.32E-05,4.73E-05,0.000157628,0.000489343,0.001417327,0.003842277,0.009788087,0.023535234,0.053647905,0.116367815,0.240819911,0.476031655,0.898581494,1.617698472,2.772496729,4.515337251,6.977975979,10.22391639,14.19929582,18.70109,23.38044903,27.78877195,31.4581751,33.99379365,35.15007305,34.8694142,33.27577869,30.63106808,27.27182238,23.5454048,19.75991239,16.15437067,12.88885738,10.04987849,7.66473677,5.719057647,4.173185343,2.975091174,2.06918002,1.401566772,0.922895112,0.589711624,0.365064803,0.218641842,0.126539308,0.070704154,0.038113769,0.019810885,0.009925233,0.00479149,0.002228477,0.000998377,0.000430814,0.000179048,7.17E-05,2.76E-05,1.03E-05,3.67E-06,1.26E-06
4.61E-40,6.37E-39,8.48E-38,1.09E-36,1.34E-35,1.59E-34,1.82E-33,2.01E-32,2.14E-31,2.18E-30,2.15E-29,2.04E-28,1.86E-27,1.64E-26,1.38E-25,1.13E-24,8.87E-24,6.71E-23,4.89E-22,3.43E-21,2.32E-20,1.51E-19,9.45E-19,5.71E-18,3.33E-17,1.87E-16,1.01E-15,5.31E-15,2.69E-14,1.32E-13,6.34E-13,2.98E-12,1.38E-11,6.37E-11,2.93E-10,1.35E-09,6.21E-09,2.81E-08,1.23E-07,5.20E-07,2.09E-06,7.92E-06,2.83E-05,9.46E-05,0.000297032,0.000876413,0.00243436,0.006382404,0.015838527,0.037295199,0.083481615,0.177807354,0.360396072,0.694770905,1.272714227,2.21317364,3.650436158,5.708508372,8.463376998,11.90148382,15.88829368,20.16158762,24.35809832,28.07086817,30.92305786,32.63741031,33.08223799,32.2835231,30.40411569,27.70016815,24.46895142,21.00101502,17.54520898,14.28975476,11.35807823,8.815348262,6.680739109,4.941027772,3.562632313,2.500870417,1.706485043,1.13008869,0.725209373,0.450366593,0.270345142,0.15671455,0.087662327,0.04729113,0.02459362,0.012325506,0.005951535,0.002768387,0.00124037,0.000535267,0.000222466,8.90E-05,3.43E-05,1.27E-05,4.56E-06,1.57E-06
5.44E-40,7.52E-39,1.00E-37,1.28E-36,1.58E-35,1.88E-34,2.15E-33,2.37E-32,2.52E-31,2.58E-30,2.54E-29,2.41E-28,2.20E-27,1.93E-26,1.63E-25,1.33E-24,1.05E-23,7.92E-23,5.77E-22,4.05E-21,2.73E-20,1.78E-19,1.12E-18,6.74E-18,3.92E-17,2.20E-16,1.19E-15,6.22E-15,3.14E-14,1.53E-13,7.27E-13,3.35E-12,1.51E-11,6.67E-11,2.91E-10,1.25E-09,5.34E-09,2.24E-08,9.25E-08,3.70E-07,1.43E-06,5.27E-06,1.85E-05,6.16E-05,0.000194025,0.000578177,0.001630354,0.004354436,0.011027656,0.026505494,0.060497259,0.131143507,0.269945962,0.52739617,0.977497505,1.718095385,2.863281542,4.525097201,6.784911712,9.659664504,13.07271734,16.8407615,20.68523971,24.26944071,27.25359027,29.35377096,30.38920549,30.30664665,29.1781634,27.17626057,24.53539675,21.51049716,18.3414021,15.22861115,12.32164899,9.718124996,7.469813189,5.591935419,4.072815692,2.882439027,1.979543813,1.317410166,0.848557211,0.528401618,0.31780772,0.184481444,0.10329275,0.055759359,0.029010066,0.014543031,0.007023596,0.003267447,0.001464081,0.000631836,0.000262609,0.000105116,4.05E-05,1.50E-05,5.38E-06,1.85E-06
6.11E-40,8.44E-39,1.12E-37,1.44E-36,1.78E-35,2.11E-34,2.42E-33,2.66E-32,2.83E-31,2.89E-30,2.85E-29,2.70E-28,2.46E-27,2.17E-26,1.83E-25,1.50E-24,1.17E-23,8.88E-23,6.47E-22,4.54E-21,3.07E-20,1.99E-19,1.25E-18,7.55E-18,4.39E-17,2.46E-16,1.33E-15,6.94E-15,3.50E-14,1.70E-13,8.00E-13,3.65E-12,1.62E-11,6.98E-11,2.95E-10,1.22E-09,4.95E-09,1.97E-08,7.69E-08,2.93E-07,1.08E-06,3.86E-06,1.32E-05,4.34E-05,0.000135649,0.000403602,0.00114179,0.003069577,0.007840022,0.019020663,0.043823905,0.095862577,0.199019589,0.392028236,0.732528465,1.298385972,2.183432161,3.485192033,5.284121047,7.617202292,10.45234776,13.6721395,17.07450649,20.39365903,23.33835124,25.63878816,27.09059377,27.58528077,27.12099037,25.79307087,23.76923671,21.25705886,18.4718326,15.61088055,12.83718372,10.27217986,7.995593661,6.049578456,4.444925818,3.167982598,2.187632551,1.462014191,0.944649397,0.589585106,0.3551878,0.206417466,0.115666928,0.062472946,0.032514715,0.016303826,0.007875191,0.003663979,0.001641862,0.000708586,0.000294515,0.000117889,4.54E-05,1.69E-05,6.03E-06,2.08E-06
6.51E-40,8.99E-39,1.20E-37,1.53E-36,1.89E-35,2.25E-34,2.57E-33,2.84E-32,3.01E-31,3.08E-30,3.03E-29,2.87E-28,2.62E-27,2.31E-26,1.95E-25,1.59E-24,1.25E-23,9.46E-23,6.89E-22,4.83E-21,3.27E-20,2.12E-19,1.33E-18,8.04E-18,4.68E-17,2.62E-16,1.42E-15,7.37E-15,3.70E-14,1.80E-13,8.41E-13,3.81E-12,1.67E-11,7.13E-11,2.95E-10,1.19E-09,4.69E-09,1.80E-08,6.76E-08,2.47E-07,8.81E-07,3.04E-06,1.01E-05,3.24E-05,9.98E-05,0.000293559,0.000824885,0.002210114,0.005639774,0.01369442,0.031618853,0.069376993,0.14459675,0.286187705,0.537834786,0.959840041,1.627212123,2.621961251,4.018666245,5.864580412,8.158253613,10.8327403,13.74973602,16.70883274,19.47196036,21.79841863,23.48248431,24.38471551,24.45003983,23.70967428,22.26837369,20.28190076,17.93099246,15.39738675,12.84539371,10.41013571,8.191848342,6.254882985,4.630080002,3.319509296,2.302807055,1.54435123,1.000432208,0.625577076,0.377377826,0.219520324,0.123089331,0.066511275,0.03462674,0.017366233,0.00838942,0.003903541,0.0017493,0.000754977,0.000313803,0.000125612,4.84E-05,1.80E-05,6.43E-06,2.21E-06
6.59E-40,9.10E-39,1.21E-37,1.55E-36,1.92E-35,2.28E-34,2.61E-33,2.87E-32,3.05E-31,3.12E-30,3.07E-29,2.91E-28,2.66E-27,2.34E-26,1.98E-25,1.61E-24,1.27E-23,9.58E-23,6.98E-22,4.89E-21,3.31E-20,2.15E-19,1.35E-18,8.13E-18,4.73E-17,2.65E-16,1.43E-15,7.44E-15,3.73E-14,1.81E-13,8.43E-13,3.81E-12,1.66E-11,7.01E-11,2.87E-10,1.14E-09,4.40E-09,1.65E-08,6.03E-08,2.14E-07,7.39E-07,2.48E-06,8.03E-06,2.51E-05,7.57E-05,0.000219171,0.000607897,0.001612777,0.004086294,0.009874889,0.022736874,0.049839875,0.103949371,0.206212552,0.389049419,0.698131265,1.191938933,1.93726416,2.999576275,4.42856068,6.241090662,8.405739254,10.83378874,13.38088759,15.8610006,18.07082304,19.81962249,20.95775236,21.39749968,21.1222787,20.18350444,18.68752321,16.77675819,14.60943155,12.34122942,10.11083197,8.030006734,6.178243349,4.601586391,3.315130008,2.308389207,1.552472538,1.00779643,0.631138462,0.381144672,0.221879604,0.124477249,0.067285083,0.03503789,0.017575173,0.008491212,0.003951159,0.001770711,0.000764237,0.000317657,0.000127155,4.90E-05,1.82E-05,6.51E-06,2.24E-06
6.33E-40,8.75E-39,1.16E-37,1.49E-36,1.84E-35,2.19E-34,2.51E-33,2.76E-32,2.93E-31,3.00E-30,2.95E-29,2.80E-28,2.55E-27,2.25E-26,1.90E-25,1.55E-24,1.22E-23,9.21E-23,6.71E-22,4.71E-21,3.18E-20,2.07E-19,1.30E-18,7.82E-18,4.55E-17,2.55E-16,1.37E-15,7.14E-15,3.58E-14,1.73E-13,8.05E-13,3.62E-12,1.57E-11,6.60E-11,2.68E-10,1.05E-09,4.01E-09,1.48E-08,5.31E-08,1.85E-07,6.24E-07,2.04E-06,6.46E-06,1.98E-05,5.84E-05,0.000165888,0.000452974,0.001186201,0.002974096,0.00712933,0.016320368,0.035644861,0.074225941,0.14730537,0.278548698,0.501901012,0.861941171,1.411480139,2.205380508,3.290399856,4.692206861,6.402202458,8.367788697,10.48967886,12.62848454,14.62043838,16.29949523,17.52115877,18.18291135,18.23720741,17.69512563,16.62110519,15.12093135,13.3259092,11.37607781,9.404760863,7.526096858,5.826606824,4.361306746,3.154273747,2.202943156,1.484881224,0.96551381,0.605382987,0.36590257,0.213133646,0.119619787,0.064677437,0.033686253,0.016899251,0.008165297,0.003799695,0.001702886,0.000734979,0.000305499,0.00012229,4.71E-05,1.75E-05,6.26E-06,2.15E-06
5.79E-40,8.00E-39,1.06E-37,1.36E-36,1.68E-35,2.00E-34,2.29E-33,2.52E-32,2.68E-31,2.74E-30,2.70E-29,2.56E-28,2.33E-27,2.05E-26,1.74E-25,1.42E-24,1.11E-23,8.42E-23,6.13E-22,4.30E-21,2.90E-20,1.89E-19,1.18E-18,7.14E-18,4.15E-17,2.32E-16,1.25E-15,6.51E-15,3.26E-14,1.57E-13,7.32E-13,3.29E-12,1.42E-11,5.94E-11,2.40E-10,9.37E-10,3.54E-09,1.29E-08,4.57E-08,1.56E-07,5.19E-07,1.67E-06,5.18E-06,1.56E-05,4.51E-05,0.000125938,0.000338566,0.000874518,0.002167192,0.005145775,0.011693108,0.025405384,0.052738188,0.104547436,0.197866639,0.357502168,0.61673129,1.016179958,1.600012055,2.409024557,3.471127301,4.790794752,6.34001638,8.053587907,9.830979465,11.54553519,13.05983434,14.24433841,14.9955631,15.25021449,14.99284944,14.25618224,13.11463821,11.67280822,10.05100866,8.370287232,6.739049474,5.2430601,3.939910683,2.858201084,2.000814345,1.350988432,0.879578684,0.552011963,0.333863937,0.19456105,0.109230635,0.059072785,0.030771563,0.015438504,0.007459955,0.003471601,0.001555885,0.000671542,0.000279134,0.000111736,4.31E-05,1.60E-05,5.72E-06,1.97E-06
5.02E-40,6.94E-39,9.24E-38,1.18E-36,1.46E-35,1.74E-34,1.99E-33,2.19E-32,2.33E-31,2.38E-30,2.34E-29,2.22E-28,2.03E-27,1.78E-26,1.51E-25,1.23E-24,9.66E-24,7.31E-23,5.32E-22,3.73E-21,2.52E-20,1.64E-19,1.03E-18,6.20E-18,3.60E-17,2.02E-16,1.09E-15,5.65E-15,2.83E-14,1.36E-13,6.33E-13,2.84E-12,1.23E-11,5.11E-11,2.05E-10,7.97E-10,2.99E-09,1.08E-08,3.80E-08,1.29E-07,4.21E-07,1.33E-06,4.09E-06,1.21E-05,3.45E-05,9.50E-05,0.000251776,0.000642074,0.001573261,0.003699741,0.008341719,0.018016742,0.037250433,0.073688526,0.139426264,0.252296362,0.436640806,0.722910928,1.145411612,1.737744974,2.526063184,3.521021583,4.710095106,6.052362316,7.477703677,8.891532361,10.18487273,11.24822843,11.98668458,12.33336392,12.25874668,11.77428131,10.92986321,9.805874564,8.501375009,7.120601412,5.760101559,4.498553893,3.390650524,2.465489413,1.728971712,1.168983181,0.761822341,0.478445313,0.289514103,0.168774691,0.094776331,0.0512641,0.026706838,0.01340013,0.006475302,0.003013467,0.001350585,0.000582938,0.000242307,9.70E-05,3.74E-05,1.39E-05,4.96E-06,1.71E-06
4.14E-40,5.73E-39,7.62E-38,9.76E-37,1.21E-35,1.43E-34,1.64E-33,1.81E-32,1.92E-31,1.96E-30,1.93E-29,1.83E-28,1.67E-27,1.47E-26,1.24E-25,1.01E-24,7.97E-24,6.03E-23,4.39E-22,3.08E-21,2.08E-20,1.35E-19,8.47E-19,5.11E-18,2.97E-17,1.66E-16,8.96E-16,4.65E-15,2.33E-14,1.12E-13,5.21E-13,2.33E-12,1.00E-11,4.18E-11,1.68E-10,6.48E-10,2.42E-09,8.72E-09,3.04E-08,1.02E-07,3.31E-07,1.04E-06,3.15E-06,9.19E-06,2.59E-05,7.05E-05,0.000184787,0.000466081,0.001130624,0.002635455,0.005898112,0.012663976,0.02607111,0.051437019,0.097225497,0.176036513,0.305310596,0.507295975,0.807767747,1.233098887,1.80561521,2.537692346,3.425639998,4.444856187,5.547809446,6.66600582,7.716273439,8.610668232,9.268371853,9.627387832,9.653791323,9.34674727,8.738354633,7.88840539,6.875146588,5.783888855,4.695643915,3.677812657,2.778329884,2.023780819,1.42109811,0.961775041,0.627239377,0.394129107,0.238581444,0.139119017,0.078136913,0.042268999,0.022022466,0.011050335,0.00534,0.002485176,0.001113829,0.000480754,0.000199833,8.00E-05,3.08E-05,1.14E-05,4.09E-06,1.41E-06
3.25E-40,4.49E-39,5.97E-38,7.65E-37,9.44E-36,1.12E-34,1.28E-33,1.42E-32,1.50E-31,1.54E-30,1.51E-29,1.43E-28,1.31E-27,1.15E-26,9.75E-26,7.95E-25,6.24E-24,4.72E-23,3.44E-22,2.41E-21,1.63E-20,1.06E-19,6.64E-19,4.00E-18,2.33E-17,1.30E-16,7.02E-16,3.64E-15,1.82E-14,8.77E-14,4.07E-13,1.82E-12,7.84E-12,3.26E-11,1.30E-10,5.03E-10,1.87E-09,6.72E-09,2.33E-08,7.78E-08,2.51E-07,7.81E-07,2.35E-06,6.80E-06,1.90E-05,5.12E-05,0.000132837,0.00033207,0.000798845,0.001848124,0.004109208,0.008775844,0.017993012,0.035401974,0.066824326,0.120991277,0.210121286,0.350042738,0.559496242,0.858292828,1.264195647,1.788734169,2.432583076,3.181511545,4.004076965,4.852084458,5.664340905,6.373499109,6.91500613,7.236560334,7.306223632,7.117515141,6.69040275,6.067975974,5.309515941,4.481437785,3.647965991,2.863316443,2.166643924,1.580245007,1.110724984,0.752262735,0.490861337,0.308552641,0.186829118,0.108962275,0.061207144,0.033113561,0.017253423,0.008657678,0.004183869,0.001947156,0.000872703,0.000376681,0.000156574,6.27E-05,2.42E-05,8.97E-06,3.21E-06,1.10E-06
2.42E-40,3.34E-39,4.44E-38,5.70E-37,7.03E-36,8.35E-35,9.56E-34,1.05E-32,1.12E-31,1.14E-30,1.13E-29,1.07E-28,9.75E-28,8.57E-27,7.26E-26,5.92E-25,4.65E-24,3.51E-23,2.56E-22,1.80E-21,1.21E-20,7.89E-20,4.94E-19,2.98E-18,1.73E-17,9.69E-17,5.22E-16,2.71E-15,1.35E-14,6.52E-14,3.03E-13,1.35E-12,5.82E-12,2.41E-11,9.65E-11,3.72E-10,1.38E-09,4.94E-09,1.71E-08,5.68E-08,1.82E-07,5.65E-07,1.69E-06,4.85E-06,1.35E-05,3.60E-05,9.29E-05,0.000230647,0.000551215,0.001267534,0.002803234,0.005959764,0.012175852,0.023896303,0.04504223,0.081527481,0.141697709,0.236493201,0.379083474,0.58373038,0.86374302,1.228603078,1.680631592,2.211858544,2.801937431,3.417919612,4.016421385,4.548215283,4.964672214,5.224939735,5.302431275,5.189235186,4.897451166,4.457136726,3.911320355,3.309194102,2.69895034,2.121684781,1.607387297,1.173432006,0.825358331,0.559281296,0.365076512,0.229547512,0.139018204,0.081088962,0.045554142,0.024646703,0.012842405,0.006444429,0.00311436,0.001449427,0.000649629,0.000280398,0.000116553,4.67E-05,1.80E-05,6.68E-06,2.39E-06,8.22E-07
1.71E-40,2.36E-39,3.14E-38,4.03E-37,4.97E-36,5.91E-35,6.76E-34,7.45E-33,7.91E-32,8.09E-31,7.96E-30,7.55E-29,6.89E-28,6.06E-27,5.13E-26,4.19E-25,3.29E-24,2.49E-23,1.81E-22,1.27E-21,8.58E-21,5.58E-20,3.49E-19,2.11E-18,1.22E-17,6.85E-17,3.69E-16,1.92E-15,9.58E-15,4.61E-14,2.14E-13,9.55E-13,4.11E-12,1.70E-11,6.80E-11,2.62E-10,9.70E-10,3.47E-09,1.19E-08,3.96E-08,1.27E-07,3.91E-07,1.16E-06,3.33E-06,9.21E-06,2.45E-05,6.29E-05,0.000155253,0.000369195,0.000845043,0.001861086,0.003942589,0.008031555,0.015729568,0.029611039,0.053574721,0.093157226,0.15568124,0.250070645,0.386160444,0.573387107,0.818877744,1.125150914,1.48785217,1.894101875,2.322056377,2.742127623,3.119975273,3.420947497,3.615220665,3.682609096,3.61598937,3.422544327,3.122523593,2.745804664,2.327048061,1.900521977,1.495652818,1.134066422,0.828434395,0.582982669,0.39518591,0.258030194,0.162271516,0.098287936,0.057336519,0.032212591,0.01742913,0.009081884,0.004557455,0.002202481,0.001025046,0.000459425,0.000198301,8.24E-05,3.30E-05,1.27E-05,4.72E-06,1.69E-06,5.81E-07
1.15E-40,1.59E-39,2.11E-38,2.71E-37,3.34E-36,3.97E-35,4.54E-34,5.01E-33,5.32E-32,5.44E-31,5.35E-30,5.07E-29,4.63E-28,4.07E-27,3.45E-26,2.81E-25,2.21E-24,1.67E-23,1.22E-22,8.53E-22,5.76E-21,3.75E-20,2.35E-19,1.42E-18,8.23E-18,4.60E-17,2.48E-16,1.29E-15,6.43E-15,3.10E-14,1.44E-13,6.41E-13,2.76E-12,1.14E-11,4.56E-11,1.75E-10,6.49E-10,2.32E-09,7.96E-09,2.64E-08,8.42E-08,2.59E-07,7.68E-07,2.20E-06,6.04E-06,1.60E-05,4.10E-05,0.000100776,0.000238783,0.000544684,0.001195873,0.002526557,0.005135588,0.010041392,0.018883523,0.034152308,0.059400437,0.099357127,0.1598371,0.247329006,0.368178663,0.527362482,0.726971134,0.96466661,1.2324917,1.516446599,1.797162947,2.051794648,2.256946316,2.392154126,2.443218618,2.404647176,2.280628824,2.084300829,1.835479566,1.557391672,1.273146329,1.002682028,0.760721327,0.555955853,0.391367608,0.265362638,0.173295994,0.108997761,0.066026164,0.038519042,0.021641594,0.01170988,0.006101849,0.00306206,0.001479814,0.000688717,0.000308683,0.000133237,5.54E-05,2.22E-05,8.55E-06,3.17E-06,1.13E-06,3.91E-07
7.33E-41,1.01E-39,1.35E-38,1.73E-37,2.13E-36,2.53E-35,2.90E-34,3.20E-33,3.39E-32,3.47E-31,3.42E-30,3.24E-29,2.96E-28,2.60E-27,2.20E-26,1.79E-25,1.41E-24,1.07E-23,7.76E-23,5.45E-22,3.68E-21,2.39E-20,1.50E-19,9.04E-19,5.25E-18,2.94E-17,1.58E-16,8.22E-16,4.11E-15,1.98E-14,9.16E-14,4.09E-13,1.76E-12,7.28E-12,2.90E-11,1.12E-10,4.13E-10,1.47E-09,5.06E-09,1.67E-08,5.34E-08,1.64E-07,4.85E-07,1.38E-06,3.80E-06,1.00E-05,2.56E-05,6.28E-05,0.000148492,0.000337904,0.000740236,0.001560883,0.003167631,0.00618603,0.011624198,0.021016548,0.036559126,0.061188589,0.098538203,0.152697449,0.227717915,0.326855302,0.451614223,0.60075456,0.769497219,0.949198519,1.127717495,1.290570784,1.422777522,1.511092728,1.546178209,1.524222896,1.4476253,1.324568547,1.167590027,0.991489028,0.811053142,0.639081758,0.48505575,0.354599978,0.249679546,0.169321376,0.110589656,0.06956365,0.042141339,0.024585944,0.013813821,0.007474565,0.003894941,0.001954596,0.000944611,0.000439631,0.000197043,8.50E-05,3.54E-05,1.42E-05,5.46E-06,2.03E-06,7.24E-07,2.49E-07
4.45E-41,6.14E-40,8.17E-39,1.05E-37,1.29E-36,1.54E-35,1.76E-34,1.94E-33,2.06E-32,2.10E-31,2.07E-30,1.96E-29,1.79E-28,1.58E-27,1.33E-26,1.09E-25,8.55E-25,6.46E-24,4.71E-23,3.30E-22,2.23E-21,1.45E-20,9.09E-20,5.48E-19,3.18E-18,1.78E-17,9.60E-17,4.98E-16,2.49E-15,1.20E-14,5.55E-14,2.48E-13,1.07E-12,4.41E-12,1.76E-11,6.76E-11,2.50E-10,8.91E-10,3.06E-09,1.01E-08,3.22E-08,9.88E-08,2.92E-07,8.31E-07,2.28E-06,6.02E-06,1.53E-05,3.75E-05,8.85E-05,0.000201025,0.000439705,0.000925925,0.001876949,0.003662341,0.006878092,0.012432619,0.02162892,0.036214878,0.058362209,0.090529622,0.135174158,0.194301622,0.268892539,0.358296173,0.45973514,0.568085679,0.676074969,0.774960408,0.855638463,0.910003612,0.932282352,0.920040547,0.874621632,0.800906362,0.706452733,0.600224777,0.491204985,0.387184549,0.293946596,0.21493325,0.151361083,0.102657869,0.067054955,0.042181745,0.025554582,0.014909397,0.00837714,0.004532876,0.00236207,0.001185363,0.000572861,0.000266615,0.000119498,5.16E-05,2.14E-05,8.58E-06,3.31E-06,1.23E-06,4.39E-07,1.51E-07
2.56E-41,3.54E-40,4.71E-39,6.04E-38,7.45E-37,8.85E-36,1.01E-34,1.12E-33,1.19E-32,1.21E-31,1.19E-30,1.13E-29,1.03E-28,9.08E-28,7.69E-27,6.27E-26,4.93E-25,3.72E-24,2.71E-23,1.90E-22,1.29E-21,8.36E-21,5.24E-20,3.16E-19,1.84E-18,1.03E-17,5.53E-17,2.87E-16,1.43E-15,6.90E-15,3.20E-14,1.43E-13,6.14E-13,2.54E-12,1.01E-11,3.89E-11,1.44E-10,5.12E-10,1.76E-09,5.81E-09,1.85E-08,5.67E-08,1.67E-07,4.76E-07,1.30E-06,3.44E-06,8.74E-06,2.14E-05,5.04E-05,0.000114367,0.000249901,0.000525761,0.001064966,0.002076777,0.003898822,0.007046201,0.012258846,0.0205314,0.033103186,0.05138273,0.076785581,0.110479098,0.153053716,0.204172551,0.262280848,0.324471004,0.386586685,0.443606221,0.490277701,0.521903604,0.535115975,0.528466106,0.502686184,0.460557458,0.406417476,0.345426809,0.282766288,0.22293581,0.16927998,0.123793658,0.087187135,0.059137448,0.038629997,0.024301619,0.014722833,0.008589958,0.004826501,0.002611646,0.00136093,0.000682962,0.000330062,0.000153614,6.89E-05,2.97E-05,1.24E-05,4.94E-06,1.91E-06,7.08E-07,2.53E-07,8.71E-08
1.40E-41,1.94E-40,2.58E-39,3.30E-38,4.08E-37,4.85E-36,5.55E-35,6.12E-34,6.49E-33,6.64E-32,6.53E-31,6.19E-30,5.66E-29,4.97E-28,4.21E-27,3.43E-26,2.70E-25,2.04E-24,1.48E-23,1.04E-22,7.03E-22,4.58E-21,2.87E-20,1.73E-19,1.00E-18,5.62E-18,3.03E-17,1.57E-16,7.85E-16,3.78E-15,1.75E-14,7.81E-14,3.36E-13,1.39E-12,5.54E-12,2.13E-11,7.87E-11,2.80E-10,9.61E-10,3.17E-09,1.01E-08,3.09E-08,9.13E-08,2.60E-07,7.10E-07,1.87E-06,4.76E-06,1.16E-05,2.74E-05,6.21E-05,0.00013559,0.000285094,0.000577191,0.001125143,0.002111745,0.00381605,0.006639297,0.011121578,0.017937087,0.02785398,0.041647052,0.059959384,0.083123101,0.110967147,0.142656436,0.176615032,0.210579772,0.241807328,0.267420506,0.284838332,0.292202664,0.288704251,0.274729175,0.251789007,0.222252053,0.188941675,0.154695708,0.121981164,0.092633259,0.067748044,0.047717604,0.032367522,0.021143974,0.013301725,0.008058827,0.004701937,0.002641933,0.001429573,0.000744954,0.000373844,0.000180672,8.41E-05,3.77E-05,1.63E-05,6.76E-06,2.71E-06,1.04E-06,3.87E-07,1.38E-07,4.77E-08
7.29E-42,1.01E-40,1.34E-39,1.72E-38,2.12E-37,2.52E-36,2.89E-35,3.18E-34,3.38E-33,3.45E-32,3.40E-31,3.22E-30,2.94E-29,2.59E-28,2.19E-27,1.79E-26,1.40E-25,1.06E-24,7.72E-24,5.42E-23,3.66E-22,2.38E-21,1.49E-20,8.99E-20,5.22E-19,2.92E-18,1.57E-17,8.17E-17,4.08E-16,1.96E-15,9.10E-15,4.06E-14,1.75E-13,7.23E-13,2.88E-12,1.11E-11,4.09E-11,1.46E-10,4.99E-10,1.65E-09,5.24E-09,1.61E-08,4.74E-08,1.35E-07,3.68E-07,9.71E-07,2.46E-06,6.02E-06,1.42E-05,3.21E-05,7.01E-05,0.00014738,0.000298284,0.000581315,0.001090875,0.001971132,0.003429508,0.005745447,0.009268187,0.014396268,0.021532598,0.031012944,0.043012953,0.05744804,0.073889158,0.091521876,0.109173167,0.125418165,0.138759819,0.147852747,0.151725848,0.149952945,0.142729992,0.130839521,0.115511193,0.098212811,0.080420814,0.063419426,0.048164497,0.035227369,0.024813022,0.016831526,0.010995378,0.006917328,0.004190898,0.002445206,0.001373924,0.000743445,0.000387412,0.000194417,9.40E-05,4.37E-05,1.96E-05,8.46E-06,3.52E-06,1.41E-06,5.43E-07,2.01E-07,7.20E-08,2.48E-08
3.60E-42,4.98E-41,6.62E-40,8.49E-39,1.05E-37,1.25E-36,1.43E-35,1.57E-34,1.67E-33,1.71E-32,1.68E-31,1.59E-30,1.45E-29,1.28E-28,1.08E-27,8.82E-27,6.93E-26,5.24E-25,3.82E-24,2.68E-23,1.81E-22,1.18E-21,7.36E-21,4.44E-20,2.58E-19,1.44E-18,7.78E-18,4.04E-17,2.02E-16,9.71E-16,4.50E-15,2.01E-14,8.63E-14,3.57E-13,1.42E-12,5.46E-12,2.02E-11,7.19E-11,2.47E-10,8.14E-10,2.59E-09,7.93E-09,2.34E-08,6.64E-08,1.82E-07,4.79E-07,1.21E-06,2.97E-06,6.98E-06,1.58E-05,3.45E-05,7.25E-05,0.000146799,0.000286047,0.000536731,0.00096979,0.001687325,0.002826965,0.004560838,0.007085566,0.010600207,0.015271064,0.021185814,0.028304005,0.036415258,0.045118755,0.053836137,0.061863964,0.068462343,0.072965592,0.07489245,0.074030721,0.070475745,0.064613059,0.057049607,0.048510444,0.039725235,0.031328868,0.02379405,0.017403477,0.012258755,0.00831569,0.005432389,0.003417616,0.002070594,0.001208107,0.000678819,0.000367317,0.000191411,9.61E-05,4.64E-05,2.16E-05,9.68E-06,4.18E-06,1.74E-06,6.95E-07,2.68E-07,9.95E-08,3.56E-08,1.23E-08
1.69E-42,2.34E-41,3.11E-40,3.99E-39,4.92E-38,5.85E-37,6.69E-36,7.38E-35,7.83E-34,8.00E-33,7.88E-32,7.47E-31,6.82E-30,6.00E-29,5.08E-28,4.14E-27,3.25E-26,2.46E-25,1.79E-24,1.26E-23,8.48E-23,5.52E-22,3.46E-21,2.09E-20,1.21E-19,6.78E-19,3.65E-18,1.89E-17,9.47E-17,4.56E-16,2.11E-15,9.42E-15,4.05E-14,1.68E-13,6.68E-13,2.56E-12,9.48E-12,3.37E-11,1.16E-10,3.82E-10,1.21E-09,3.72E-09,1.10E-08,3.12E-08,8.52E-08,2.24E-07,5.69E-07,1.39E-06,3.27E-06,7.41E-06,1.62E-05,3.40E-05,6.87E-05,0.000133937,0.000251301,0.000454048,0.000789997,0.001323627,0.002135612,0.003318165,0.004964721,0.007153459,0.00992579,0.01326311,0.017067123,0.021150138,0.025241016,0.029009721,0.032108881,0.034225749,0.035134004,0.034733575,0.03306879,0.030320311,0.026772861,0.02276674,0.018644507,0.014704288,0.011168098,0.008168752,0.005754038,0.003903278,0.002549915,0.001604208,0.000971928,0.000567082,0.000318637,0.000172418,8.98E-05,4.51E-05,2.18E-05,1.01E-05,4.55E-06,1.96E-06,8.16E-07,3.26E-07,1.26E-07,4.67E-08,1.67E-08,5.75E-09
7.54E-43,1.04E-41,1.39E-40,1.78E-39,2.19E-38,2.61E-37,2.98E-36,3.29E-35,3.49E-34,3.57E-33,3.51E-32,3.33E-31,3.04E-30,2.67E-29,2.26E-28,1.85E-27,1.45E-26,1.10E-25,7.99E-25,5.60E-24,3.78E-23,2.46E-22,1.54E-21,9.30E-21,5.40E-20,3.02E-19,1.63E-18,8.45E-18,4.22E-17,2.03E-16,9.41E-16,4.20E-15,1.81E-14,7.47E-14,2.98E-13,1.14E-12,4.23E-12,1.50E-11,5.16E-11,1.70E-10,5.41E-10,1.66E-09,4.89E-09,1.39E-08,3.80E-08,1.00E-07,2.54E-07,6.20E-07,1.46E-06,3.30E-06,7.20E-06,1.51E-05,3.06E-05,5.96E-05,0.000111898,0.000202173,0.000351761,0.000589385,0.000950989,0.001477673,0.002211106,0.003186182,0.004421438,0.005908678,0.00760419,0.009424392,0.01124846,0.012929254,0.014311845,0.015256687,0.01566274,0.015485252,0.014743878,0.013519103,0.011937853,0.010151878,0.008313956,0.006557068,0.004980258,0.003642785,0.002565988,0.001740662,0.001137137,0.0007154,0.000433435,0.000252893,0.000142098,7.69E-05,4.01E-05,2.01E-05,9.72E-06,4.52E-06,2.03E-06,8.75E-07,3.64E-07,1.46E-07,5.61E-08,2.08E-08,7.45E-09,2.56E-09
3.19E-43,4.41E-42,5.88E-41,7.53E-40,9.29E-39,1.10E-37,1.26E-36,1.39E-35,1.48E-34,1.51E-33,1.49E-32,1.41E-31,1.29E-30,1.13E-29,9.59E-29,7.82E-28,6.14E-27,4.65E-26,3.38E-25,2.37E-24,1.60E-23,1.04E-22,6.53E-22,3.94E-21,2.29E-20,1.28E-19,6.90E-19,3.58E-18,1.79E-17,8.61E-17,3.99E-16,1.78E-15,7.65E-15,3.17E-14,1.26E-13,4.84E-13,1.79E-12,6.37E-12,2.19E-11,7.21E-11,2.29E-10,7.02E-10,2.07E-09,5.88E-09,1.61E-08,4.24E-08,1.07E-07,2.62E-07,6.17E-07,1.40E-06,3.05E-06,6.41E-06,1.30E-05,2.52E-05,4.74E-05,8.56E-05,0.0001489,0.000249489,0.000402568,0.000625546,0.000936074,0.001348947,0.001872034,0.002501888,0.00322002,0.003991048,0.004763803,0.005475956,0.006061861,0.006462377,0.006634667,0.006559739,0.006245893,0.005727207,0.005057448,0.004300905,0.003522312,0.002778018,0.002109994,0.001543356,0.00108715,0.000737481,0.000481782,0.000303101,0.000183638,0.000107146,6.02E-05,3.26E-05,1.70E-05,8.52E-06,4.12E-06,1.92E-06,8.59E-07,3.71E-07,1.54E-07,6.17E-08,2.38E-08,8.83E-09,3.16E-09,1.09E-09
1.29E-43,1.78E-42,2.36E-41,3.03E-40,3.74E-39,4.45E-38,5.09E-37,5.61E-36,5.95E-35,6.09E-34,5.99E-33,5.68E-32,5.19E-31,4.56E-30,3.86E-29,3.15E-28,2.47E-27,1.87E-26,1.36E-25,9.55E-25,6.45E-24,4.20E-23,2.63E-22,1.59E-21,9.21E-21,5.15E-20,2.78E-19,1.44E-18,7.20E-18,3.46E-17,1.61E-16,7.16E-16,3.08E-15,1.27E-14,5.08E-14,1.95E-13,7.21E-13,2.57E-12,8.79E-12,2.90E-11,9.23E-11,2.83E-10,8.33E-10,2.37E-09,6.47E-09,1.70E-08,4.32E-08,1.06E-07,2.48E-07,5.62E-07,1.23E-06,2.58E-06,5.21E-06,1.02E-05,1.91E-05,3.44E-05,5.99E-05,0.000100373,0.000161961,0.000251675,0.00037662,0.000542752,0.000753243,0.001006712,0.001295723,0.001606041,0.001917076,0.00220374,0.002439608,0.002600872,0.002670281,0.002640184,0.002513915,0.002305186,0.002035637,0.001731146,0.001417769,0.00111819,0.000849306,0.000621228,0.000437598,0.000296851,0.000193927,0.000122005,7.39E-05,4.31E-05,2.42E-05,1.31E-05,6.83E-06,3.43E-06,1.66E-06,7.71E-07,3.46E-07,1.49E-07,6.20E-08,2.48E-08,9.57E-09,3.55E-09,1.27E-09,4.37E-10
4.92E-44,6.80E-43,9.04E-42,1.16E-40,1.43E-39,1.70E-38,1.95E-37,2.15E-36,2.28E-35,2.33E-34,2.29E-33,2.17E-32,1.98E-31,1.74E-30,1.48E-29,1.20E-28,9.46E-28,7.15E-27,5.21E-26,3.65E-25,2.47E-24,1.61E-23,1.01E-22,6.07E-22,3.52E-21,1.97E-20,1.06E-19,5.51E-19,2.75E-18,1.32E-17,6.14E-17,2.74E-16,1.18E-15,4.87E-15,1.94E-14,7.46E-14,2.76E-13,9.81E-13,3.36E-12,1.11E-11,3.53E-11,1.08E-10,3.19E-10,9.05E-10,2.47E-09,6.52E-09,1.65E-08,4.04E-08,9.49E-08,2.15E-07,4.69E-07,9.85E-07,1.99E-06,3.88E-06,7.29E-06,1.32E-05,2.29E-05,3.84E-05,6.19E-05,9.62E-05,0.000143989,0.000207508,0.00028799,0.000384908,0.00049542,0.000614083,0.000733024,0.000842651,0.000932858,0.000994539,0.001021095,0.001009599,0.000961324,0.000881514,0.000778444,0.000662008,0.000542172,0.000427611,0.000324787,0.000237567,0.000167345,0.000113521,7.42E-05,4.67E-05,2.83E-05,1.65E-05,9.27E-06,5.01E-06,2.61E-06,1.31E-06,6.34E-07,2.95E-07,1.32E-07,5.71E-08,2.37E-08,9.50E-09,3.66E-09,1.36E-09,4.86E-10,1.67E-10
1.79E-44,2.47E-43,3.29E-42,4.21E-41,5.20E-40,6.18E-39,7.07E-38,7.79E-37,8.27E-36,8.46E-35,8.33E-34,7.89E-33,7.21E-32,6.34E-31,5.37E-30,4.38E-29,3.44E-28,2.60E-27,1.89E-26,1.33E-25,8.97E-25,5.83E-24,3.65E-23,2.20E-22,1.28E-21,7.16E-21,3.86E-20,2.00E-19,1.00E-18,4.81E-18,2.23E-17,9.95E-17,4.28E-16,1.77E-15,7.06E-15,2.71E-14,1.00E-13,3.56E-13,1.22E-12,4.03E-12,1.28E-11,3.93E-11,1.16E-10,3.29E-10,8.99E-10,2.37E-09,6.00E-09,1.47E-08,3.45E-08,7.81E-08,1.70E-07,3.58E-07,7.24E-07,1.41E-06,2.65E-06,4.78E-06,8.32E-06,1.39E-05,2.25E-05,3.50E-05,5.23E-05,7.54E-05,0.000104619,0.000139829,0.000179977,0.000223088,0.000266301,0.000306131,0.000338906,0.000361317,0.000370968,0.000366794,0.000349258,0.000320264,0.000282819,0.000240517,0.000196979,0.000155358,0.000118001,8.63E-05,6.08E-05,4.12E-05,2.69E-05,1.70E-05,1.03E-05,5.99E-06,3.37E-06,1.82E-06,9.49E-07,4.76E-07,2.30E-07,1.07E-07,4.80E-08,2.07E-08,8.62E-09,3.45E-09,1.33E-09,4.94E-10,1.77E-10,6.08E-11
6.17E-45,8.52E-44,1.13E-42,1.45E-41,1.79E-40,2.13E-39,2.44E-38,2.69E-37,2.86E-36,2.92E-35,2.87E-34,2.72E-33,2.49E-32,2.19E-31,1.85E-30,1.51E-29,1.19E-28,8.97E-28,6.53E-27,4.58E-26,3.09E-25,2.01E-24,1.26E-23,7.61E-23,4.42E-22,2.47E-21,1.33E-20,6.91E-20,3.45E-19,1.66E-18,7.70E-18,3.44E-17,1.48E-16,6.11E-16,2.44E-15,9.35E-15,3.46E-14,1.23E-13,4.22E-13,1.39E-12,4.43E-12,1.36E-11,4.00E-11,1.13E-10,3.10E-10,8.17E-10,2.07E-09,5.06E-09,1.19E-08,2.70E-08,5.88E-08,1.24E-07,2.50E-07,4.87E-07,9.13E-07,1.65E-06,2.87E-06,4.81E-06,7.76E-06,1.21E-05,1.81E-05,2.60E-05,3.61E-05,4.83E-05,6.21E-05,7.70E-05,9.19E-05,0.000105664,0.000116977,0.000124714,0.000128045,0.000126605,0.000120553,0.000110545,9.76E-05,8.30E-05,6.80E-05,5.36E-05,4.07E-05,2.98E-05,2.10E-05,1.42E-05,9.30E-06,5.85E-06,3.54E-06,2.07E-06,1.16E-06,6.29E-07,3.28E-07,1.64E-07,7.95E-08,3.70E-08,1.66E-08,7.16E-09,2.97E-09,1.19E-09,4.59E-10,1.70E-10,6.09E-11,2.10E-11
2.02E-45,2.79E-44,3.72E-43,4.77E-42,5.88E-41,6.99E-40,8.00E-39,8.82E-38,9.36E-37,9.57E-36,9.42E-35,8.94E-34,8.16E-33,7.17E-32,6.07E-31,4.95E-30,3.89E-29,2.94E-28,2.14E-27,1.50E-26,1.01E-25,6.60E-25,4.13E-24,2.49E-23,1.45E-22,8.11E-22,4.37E-21,2.27E-20,1.13E-19,5.45E-19,2.52E-18,1.13E-17,4.84E-17,2.00E-16,7.99E-16,3.07E-15,1.13E-14,4.03E-14,1.38E-13,4.57E-13,1.45E-12,4.44E-12,1.31E-11,3.72E-11,1.02E-10,2.68E-10,6.80E-10,1.66E-09,3.90E-09,8.84E-09,1.93E-08,4.05E-08,8.20E-08,1.60E-07,3.00E-07,5.41E-07,9.42E-07,1.58E-06,2.55E-06,3.96E-06,5.92E-06,8.53E-06,1.18E-05,1.58E-05,2.04E-05,2.53E-05,3.01E-05,3.47E-05,3.84E-05,4.09E-05,4.20E-05,4.15E-05,3.95E-05,3.63E-05,3.20E-05,2.72E-05,2.23E-05,1.76E-05,1.34E-05,9.77E-06,6.88E-06,4.67E-06,3.05E-06,1.92E-06,1.16E-06,6.78E-07,3.81E-07,2.06E-07,1.07E-07,5.39E-08,2.61E-08,1.21E-08,5.44E-09,2.35E-09,9.75E-10,3.90E-10,1.51E-10,5.59E-11,2.00E-11,6.88E-12
6.30E-46,8.71E-45,1.16E-43,1.49E-42,1.83E-41,2.18E-40,2.49E-39,2.75E-38,2.92E-37,2.98E-36,2.94E-35,2.78E-34,2.54E-33,2.23E-32,1.89E-31,1.54E-30,1.21E-29,9.16E-29,6.67E-28,4.68E-27,3.16E-26,2.06E-25,1.29E-24,7.77E-24,4.51E-23,2.53E-22,1.36E-21,7.06E-21,3.53E-20,1.70E-19,7.87E-19,3.51E-18,1.51E-17,6.24E-17,2.49E-16,9.55E-16,3.53E-15,1.26E-14,4.31E-14,1.42E-13,4.52E-13,1.38E-12,4.08E-12,1.16E-11,3.17E-11,8.35E-11,2.12E-10,5.17E-10,1.22E-09,2.75E-09,6.01E-09,1.26E-08,2.55E-08,4.97E-08,9.33E-08,1.69E-07,2.93E-07,4.92E-07,7.93E-07,1.23E-06,1.84E-06,2.66E-06,3.69E-06,4.93E-06,6.35E-06,7.87E-06,9.39E-06,1.08E-05,1.20E-05,1.27E-05,1.31E-05,1.29E-05,1.23E-05,1.13E-05,9.97E-06,8.48E-06,6.95E-06,5.48E-06,4.16E-06,3.04E-06,2.14E-06,1.45E-06,9.50E-07,5.98E-07,3.62E-07,2.11E-07,1.19E-07,6.43E-08,3.35E-08,1.68E-08,8.12E-09,3.78E-09,1.69E-09,7.31E-10,3.04E-10,1.22E-10,4.69E-11,1.74E-11,6.22E-12,2.14E-12
1.87E-46,2.58E-45,3.43E-44,4.40E-43,5.43E-42,6.45E-41,7.38E-40,8.14E-39,8.64E-38,8.83E-37,8.69E-36,8.24E-35,7.52E-34,6.61E-33,5.60E-32,4.57E-31,3.59E-30,2.71E-29,1.98E-28,1.39E-27,9.36E-27,6.09E-26,3.81E-25,2.30E-24,1.34E-23,7.48E-23,4.03E-22,2.09E-21,1.04E-20,5.02E-20,2.33E-19,1.04E-18,4.47E-18,1.85E-17,7.37E-17,2.83E-16,1.05E-15,3.72E-15,1.28E-14,4.21E-14,1.34E-13,4.10E-13,1.21E-12,3.43E-12,9.38E-12,2.47E-11,6.27E-11,1.53E-10,3.60E-10,8.15E-10,1.78E-09,3.74E-09,7.56E-09,1.47E-08,2.76E-08,4.99E-08,8.68E-08,1.45E-07,2.35E-07,3.65E-07,5.46E-07,7.87E-07,1.09E-06,1.46E-06,1.88E-06,2.33E-06,2.78E-06,3.20E-06,3.54E-06,3.77E-06,3.87E-06,3.83E-06,3.65E-06,3.34E-06,2.95E-06,2.51E-06,2.06E-06,1.62E-06,1.23E-06,9.01E-07,6.35E-07,4.31E-07,2.81E-07,1.77E-07,1.07E-07,6.26E-08,3.51E-08,1.90E-08,9.91E-09,4.97E-09,2.40E-09,1.12E-09,5.01E-10,2.16E-10,9.00E-11,3.60E-11,1.39E-11,5.15E-12,1.84E-12,6.34E-13
5.24E-47,7.25E-46,9.65E-45,1.24E-43,1.53E-42,1.81E-41,2.08E-40,2.29E-39,2.43E-38,2.48E-37,2.44E-36,2.32E-35,2.12E-34,1.86E-33,1.58E-32,1.28E-31,1.01E-30,7.63E-30,5.56E-29,3.90E-28,2.63E-27,1.71E-26,1.07E-25,6.47E-25,3.76E-24,2.10E-23,1.13E-22,5.88E-22,2.94E-21,1.41E-20,6.55E-20,2.92E-19,1.26E-18,5.20E-18,2.07E-17,7.95E-17,2.94E-16,1.05E-15,3.59E-15,1.18E-14,3.76E-14,1.15E-13,3.40E-13,9.65E-13,2.64E-12,6.95E-12,1.76E-11,4.30E-11,1.01E-10,2.29E-10,5.00E-10,1.05E-09,2.13E-09,4.14E-09,7.77E-09,1.40E-08,2.44E-08,4.09E-08,6.60E-08,1.03E-07,1.54E-07,2.21E-07,3.07E-07,4.10E-07,5.28E-07,6.55E-07,7.82E-07,8.99E-07,9.95E-07,1.06E-06,1.09E-06,1.08E-06,1.03E-06,9.40E-07,8.30E-07,7.06E-07,5.78E-07,4.56E-07,3.46E-07,2.53E-07,1.78E-07,1.21E-07,7.91E-08,4.98E-08,3.01E-08,1.76E-08,9.88E-09,5.35E-09,2.79E-09,1.40E-09,6.76E-10,3.15E-10,1.41E-10,6.09E-11,2.53E-11,1.01E-11,3.90E-12,1.45E-12,5.18E-13,1.78E-13
